chembl_id,canonical_smiles,endpoint,value,pchembl
CHEMBL1086579,Cc1cc(CN2CCN(c3c(Br)cnc4[nH]c(N5CCN(C)CC5)nc34)CC2)no1,herg,3.0000000000000004,5.52
CHEMBL1090175,COc1ccc2c(c1)CC(CCN(C)C)=C2[C@@H](C)c1cnccn1,herg,3.4,5.47
CHEMBL1092652,CN(C)CCC1=C(Cc2cccnn2)c2ccc(Cl)cc2C1,herg,0.22,6.66
CHEMBL111,Cc1c(C(=O)NN2CCCCC2)nn(-c2ccc(Cl)cc2Cl)c1-c1ccc(Cl)cc1,herg,3.6595081636744573,5.4350000000000005
CHEMBL1169660,O=C(NCCO)c1ccccc1Oc1ncc(Cl)cc1NS(=O)(=O)c1ccc(Cl)c(Cl)c1,herg,63.09573000000003,
CHEMBL1210614,Cc1ncoc1-c1nnc(SCCCN2CC3CC3(c3cccc(S(F)(F)(F)(F)F)c3)C2)n1C,herg,1.3593575165625975,5.866666666666667
CHEMBL1223259,CC(C)(C)c1nnc(-c2nn(-c3ccccc3Cl)c(-c3ccc(Br)cc3)c2Cn2cncn2)s1,herg,10.5,4.98
CHEMBL1235,CCNCc1cc(Nc2ccnc3cc(Cl)ccc23)ccc1O,herg,9.500000000000002,5.02
CHEMBL1236391,CSc1nn(-c2ccccc2)c2cc(NC(=O)C3CCNCC3)ccc12,herg,8.13,5.09
CHEMBL1271520,O=C(N[C@@H]1CN2CCC1CC2)c1cccc2oc(N3CCOCC3)nc12,herg,3.2,5.5
CHEMBL1289515,O=c1cc(OCc2ccccc2)ccn1-c1ccc2c(cnn2CCN2CC[C@H](O)C2)c1,herg,9.000000000000002,5.05
CHEMBL1290746,Cc1ccc(C(=O)Nc2ccon2)cc1NC(=O)c1cnn(-c2ccccc2F)c1N,herg,159.99999999999994,
CHEMBL1615152,O=C(O)c1ccc(NC(=O)[C@H](C2CCCCC2)n2c(-c3ccc(Cl)cc3)nc3cc(F)c(F)cc32)c(F)c1,herg,19.999999999999996,
CHEMBL1630,CCN(CC)Cc1cc(Nc2ccnc3cc(Cl)ccc23)ccc1O,herg,2.4,5.62
CHEMBL1642895,CN[C@@H]1Cc2ccccc2[C@@H](c2ccc(Cl)c(Cl)c2)C1,herg,2.32,5.63
CHEMBL1642896,CN[C@@H]1Cc2ccccc2[C@H](c2ccc(Cl)c(Cl)c2)C1,herg,5.27,5.28
CHEMBL1642908,CNC[C@@H]1Cc2ccccc2[C@H](c2ccc(Cl)c(Cl)c2)C1,herg,2.0,5.7
CHEMBL1642912,NCC[C@@H]1Cc2ccccc2[C@H](c2ccc(Cl)c(Cl)c2)C1,herg,13.099999999999998,4.88
CHEMBL1650511,FC(F)(F)c1ccccc1-c1cc(C(F)(F)F)c2[nH]c(C3=NOC4(CCCCC4)C3)nc2c1,herg,15.999999999999998,4.8
CHEMBL1668239,O=C(N[C@H]1CC[C@H](O)CC1)[C@H](C1CCCCC1)n1c(-c2ccc(Cl)cc2)nc2cc(F)c(F)cc21,herg,7.300000000000001,5.14
CHEMBL1668243,O=C(O)c1ccc(NC(=O)[C@H](C2CCCCC2)n2c(-c3ccc(Cl)cc3)nc3cc(F)c(F)cc32)c(Cl)c1,herg,7.800000000000002,5.11
CHEMBL1668257,O=C(Nc1ccc(-c2nnn[nH]2)cc1F)[C@H](C1CCCCC1)n1c(-c2ccc(Cl)cc2)nc2cc(F)c(F)cc21,herg,10.000000000000002,
CHEMBL1683074,CO[C@@H]1COCC[C@@H]1N[C@@H]1CC[C@@](C(=O)N2CCN(c3cc(C(F)(F)F)ccn3)CC2)(C(C)C)C1,herg,1.7,5.77
CHEMBL1684058,CC(N(C)C)C1(c2ccc(Cl)c(Cl)c2)CCCCC1,herg,40.0,4.4
CHEMBL1684059,CC(N(C)C)C1(c2ccc3ccccc3c2)CCCCC1,herg,4.3,5.37
CHEMBL1767164,O=c1c2ccccc2c(Cc2ccc(Cl)cc2)nn1C[C@H]1CCCN1CCCCc1ccc(OCCCN2CCCCCC2)cc1,herg,0.050120000000000005,7.3
CHEMBL1777855,CC#CC(CC(=O)O)c1ccc(Oc2ccc(C(F)(F)F)cc2OC(F)F)cc1F,herg,24.999999999999996,4.6
CHEMBL1778865,COc1cc(F)ccc1-c1cncc(CNCC2CC2)n1,herg,1.89,5.72
CHEMBL1779012,COc1cc(F)ccc1-c1cncc(CNC(=O)c2cnccn2)c1,herg,7.109999999999999,5.15
CHEMBL1779013,COc1cc(F)ccc1-c1cncc(CNC(=O)c2ccccn2)c1,herg,27.0,4.57
CHEMBL1813471,Clc1ccc([C@]23CCCC[C@H]2CNC3)cc1Cl,herg,6.4799999999999995,5.19
CHEMBL1813484,CN1C[C@H]2CCC[C@@]2(c2ccc(Cl)c(Cl)c2)C1,herg,5.43,5.26
CHEMBL1834345,CCN/C(=N\S(=O)(=O)c1cccc(Cl)c1)N1CC(C)(C)C=N1,herg,10.000000000000002,
CHEMBL1835153,NC(=O)c1cnc(N[C@H](C2CC2)C(F)(F)F)c2c1[nH]c1cc(-c3cnc(N)nc3)ccc12,herg,22.000000000000004,4.66
CHEMBL1837040,CC(=O)N1Cc2cc(Cl)ccc2-n2c(nnc2C2CCN(c3ccccn3)CC2)C1,herg,35.199999999999996,4.45
CHEMBL1873475,C=CC(=O)N1CCC[C@@H](n2nc(-c3ccc(Oc4ccccc4)cc3)c3c(N)ncnc32)C1,herg,2.0178322004457505,5.6933333333333325
CHEMBL1908842,CN(C)CC(=O)N1CCC(c2ccc(NC(=O)c3nc(C#N)c[nH]3)c(C3=CCCCC3)c2)CC1,herg,10.000000000000002,
CHEMBL1949930,COc1cc(OC(C)C)cc(S(=O)(=O)c2ccc3c(c2)O[C@H]2CNCC[C@@H]32)c1,herg,3.3,5.48
CHEMBL1950643,O=c1ccc(-c2ccc(OC3CCN(C4CCC4)CC3)cc2)n[nH]1,herg,7.999999999999998,5.1
CHEMBL1951431,CC(C)=CCn1c(N2CCC[C@H](N)C2)c(C#N)c2ncn(Cc3ccnc4ccccc34)c(=O)c21,herg,4.2,5.38
CHEMBL1951599,CC(C)=CCn1c(N2CCC[C@H](N)C2)c(C#N)c2c1c(=O)n(Cc1nccc3ccccc13)c(=O)n2C,herg,9.000000000000002,5.05
CHEMBL1951600,CC(C)=CCn1c(N2CCC[C@H](N)C2)c(C#N)c2c1c(=O)n(Cc1nc(C)c3ccccc3n1)c(=O)n2C,herg,6.700000000000001,5.17
CHEMBL1951608,CC(C)=CCn1c(N2CCCNCC2)c(C#N)c2c1c(=O)n(Cc1nccc3ccccc13)c(=O)n2C,herg,1.9,5.72
CHEMBL1957816,O=C(c1cccn2ccnc12)N1CCN(CCc2ccc(F)cc2F)CC1,herg,1.9,5.72
CHEMBL1980297,Nc1ncc(-c2cnn(CCO)c2)c2scc(-c3ccc(NC(=O)Nc4cccc(F)c4)cc3)c12,herg,1.0,6.0
CHEMBL2021600,C[C@H](Oc1ccc(S(C)(=O)=O)cc1C(=O)N1CCN(c2ncc(C(F)(F)F)cc2F)CC1)C(C)(C)C,herg,17.0,4.77
CHEMBL2040854,Cc1cc(C(=O)O)ccc1-c1ccc(N2C(=O)N(c3cc(O)ncn3)C3(CCN(Cc4ncccc4C)CC3)C2=O)cn1,herg,19.999999999999996,4.7
CHEMBL2040894,COCc1nc(-c2ccc(N3C(=O)N(c4cc(O)ncn4)C4(CCN(Cc5ncccc5C)CC4)C3=O)cc2)no1,herg,7.7,5.11
CHEMBL2041176,COc1cc(N2C(=O)N(c3ccc(-c4ccc(C#N)cc4)cc3)C(=O)C23CCN(Cc2ncccc2C)CC3)ncn1,herg,0.37,6.43
CHEMBL2041177,COc1cc(N2C(=O)N(c3ccc(-c4ccc(C(N)=O)cc4)cc3)C(=O)C23CCN(Cc2ncccc2C)CC3)ncn1,herg,0.65,6.19
CHEMBL2041183,Cc1cc(C(=O)O)ccc1-c1ccc(N2C(=O)N(c3cc(C(F)(F)F)ncn3)C3(CCN(Cc4ncccc4C)CC3)C2=O)cc1,herg,21.0,4.68
CHEMBL2041184,Cc1nccc(N2C(=O)N(c3ccc(-c4ccc(C(=O)O)cc4C)cc3)C(=O)C23CCN(Cc2ncccc2C)CC3)n1,herg,22.000000000000004,4.66
CHEMBL2041186,Cc1cc(C(=O)O)ccc1-c1ccc(N2C(=O)N(c3nccnc3C)C3(CCN(Cc4ncccc4C)CC3)C2=O)cc1,herg,7.800000000000002,5.11
CHEMBL2041188,Cc1cc(C(=O)O)ccc1-c1ccc(N2C(=O)N(c3ncccn3)C3(CCN(Cc4ncccc4C)CC3)C2=O)cc1,herg,23.0,4.64
CHEMBL2070937,N#CC1(NC(=O)[C@@H]2CCCC[C@H]2C(=O)N2CCN(c3nc4ccccc4s3)CC2)CC1,herg,7.943279999999999,5.1
CHEMBL2086687,C[C@@H]1CN(C(=O)OCC(F)(F)F)CCN1c1ncc(OCc2ccncc2C#N)cn1,herg,12.0,4.92
CHEMBL2086760,CCN1CCC(Nc2ccc3c(c2)C(=C(c2ccc(Cl)cc2)c2ncc[nH]2)C(=O)N3)CC1,herg,3.3670000000000004,5.47
CHEMBL2152252,CNC(=O)c1nc(-c2ccc(Cl)c(S(=O)(=O)Nc3cccc(F)c3F)c2)cnc1N,herg,17.318,4.76
CHEMBL2158230,N#Cc1cnc(C(=O)Nc2ccc(C3CCN(CCN4CCOCC4)CC3)cc2C2=CCCCC2)[nH]1,herg,10.000000000000002,
CHEMBL2177588,CN1C[C@@H](C(=O)Nc2ccc(Cl)cc2)[C@H](c2ccc(/C=C/C(=O)Nc3ccccc3N)cc2)C1,herg,4.999999999999999,5.3
CHEMBL2178221,Nc1ccccc1NC(=O)/C=C/c1ccc([C@H]2CN(CCO)C[C@@H]2C(=O)Nc2ccc(Cl)cc2)cc1,herg,15.0,4.82
CHEMBL220360,C[C@H](NC(=O)C(C)(C)Oc1ccc(C(F)(F)F)cn1)[C@@H](Cc1ccc(Cl)cc1)c1cccc(C#N)c1,herg,14.2,4.85
CHEMBL2207503,Cc1nn(C)cc1-c1nc2c(N3CCN(Cc4ccc(Cl)cc4)CC3)c(Cl)cnc2[nH]1,herg,24.999999999999996,
CHEMBL229008,CCN1CCN(c2ccc(C(C)(C)NC(=O)c3cc4[nH]c5ccccc5c(=O)c4cc3F)cn2)CC1,herg,24.999999999999996,4.6
CHEMBL2316385,C[S+]([O-])Cc1ccc(C(=O)Nc2nccnc2C(=O)NCC2CCC2)c2ccccc12,herg,17.0,4.77
CHEMBL2331648,CCNc1nc2c(c(C(N)=O)n1)CN(C(=O)CCc1ccc(OC(F)(F)F)cc1)CC2,herg,4.6,5.34
CHEMBL2331680,CCNC(=O)Nc1ccc(-c2nc3c(c(N4CCOC[C@@H]4C)n2)CCN(C2COC2)C3)cc1,herg,100.00000000000004,
CHEMBL2347414,Cn1nc(-c2cnc3[nH]cc(C(=O)N[C@]4(C)C[C@@H](N)C4)c3n2)c2ccc(F)cc21,herg,1.0,
CHEMBL2347415,CN(C)CCCn1nc(-c2cnc3[nH]cc(C(=O)NC(C)(C)C)c3n2)c2cc(OC(F)F)ccc21,herg,0.3,
CHEMBL2347994,CC(C)(C)NC(=O)c1c[nH]c2ncc(-c3nn(C4CCNCC4)c4cc(F)ccc34)nc12,herg,3.0000000000000004,
CHEMBL2382415,N#Cc1cnccc1COc1cnc(N2CC3CCC(C2)N3C(=O)OCC(F)(F)F)nc1,herg,13.0,4.89
CHEMBL2386558,CN(C)C(=O)[C@H]1C[C@@H]1c1ccc(-c2ncn(C)c2Sc2ccc(Cl)cn2)cc1,herg,37.0,4.43
CHEMBL2409676,C[C@]1(CS(=O)(=O)N2CCN(c3ncc(OCc4ccc(C(F)(F)F)o4)cn3)CC2)NC(=O)NC1=O,herg,43.99999999999999,4.36
CHEMBL2415098,COc1cc(-c2nc3n(n2)CCO[C@H]3c2ccccc2C(F)(F)F)ccc1-n1cnc(C)c1,herg,10.000000000000002,
CHEMBL2420425,CN1CCN(CC(=O)Nc2ccc(-c3cccc4c(=O)cc(N5CCOCC5)oc34)c3sc4ccccc4c23)CC1,herg,10.000000000000002,
CHEMBL2430983,Cn1nc(-c2ccncc2)cc1NC(=O)[C@H](Cc1ccccc1)NCC(=O)O,herg,30.000000000000004,
CHEMBL2434978,O=C(O)c1ccc(Sc2ccc(CN3CCC(N4C(=O)N(C5CCOCC5)C[C@H]4c4ccccc4)CC3)cn2)cc1,herg,30.000000000000004,
CHEMBL2435852,Cc1nc(Oc2ccc(C(=O)O)cc2)ccc1CN1CCC(N2C(=O)N(C3CCOCC3)C[C@H]2c2ccccc2)CC1,herg,30.000000000000004,
CHEMBL2436225,CN[C@@H](C)C(=O)N[C@@H]1C(=O)N(Cc2c(OC)ccc3ccccc23)c2ccc(C#N)cc2N(C(C)=O)[C@H]1C,herg,19.999999999999996,
CHEMBL255863,Cc1cn(-c2cc(NC(=O)c3ccc(C)c(Nc4nccc(-c5cccnc5)n4)c3)cc(C(F)(F)F)c2)cn1,herg,1.528978008362786,5.816666666666666
CHEMBL256907,Cc1nnc(C(C)C)n1[C@H]1C[C@H]2CC[C@@H](C1)N2CC[C@H](NC(=O)C1CCC(F)(F)CC1)c1ccccc1,herg,73.5642259580336,4.25
CHEMBL257517,COc1ccc(-c2nc(CCOc3cccc(C[C@@H]4C(=O)N(c5ccc(C(C)(C)C)cc5)[C@@H]4C(=O)O)c3)c(C)o2)cc1,herg,3.2,5.5
CHEMBL296419,COc1ccc(CCN2CCC(Nc3nc4ccccc4n3Cc3ccc(F)cc3)CC2)cc1,herg,0.00991462966140835,8.115
CHEMBL3084761,CN1[C@@H]2CCC[C@H]1C[C@H](NC(=O)c1cccc3oc(N4CCOCC4)nc13)C2,herg,1.4,5.85
CHEMBL3084777,COc1ccccc1-c1nc2c(C(=O)N[C@@H]3C[C@H]4CCC[C@@H](C3)N4C)cccc2o1,herg,0.4,6.4
CHEMBL3086045,Cc1ccccc1[C@H]1C[C@@H](NCc2ccc(Cl)cc2)CC[C@@H]1C(=O)N1CC(c2ccccc2)(c2ccccc2)C1,herg,0.002999999999999999,8.52
CHEMBL3215864,Cc1cccc(N2CCN(CCCNC(=O)c3nc(C)n(-c4ccc5c(c4)OCCO5)c3C)CC2)c1C,herg,8.699999999999998,5.06
CHEMBL3218857,COc1cc(N2CCC(N3CCN(C)CC3)CC2)ccc1-c1nc2c(N[C@H]3[C@@H](C(N)=O)[C@@H]4C=C[C@H]3C4)c(Cl)cnc2[nH]1,herg,10.000000000000002,
CHEMBL3233058,Cc1cccc(Nc2cc(N[C@@H]3CCCC[C@@H]3N)nnc2C(N)=O)n1,herg,10.000000000000002,5.0
CHEMBL3234858,COc1cc(OC)cc(-c2nnc([C@@]3(Cc4ccccc4)OC(=O)N([C@H](C)c4ccccc4)C3=O)o2)c1,herg,13.0,
CHEMBL3237444,Clc1nccc2c3cnc(Nc4ccc(N5CCNCC5)cn4)nc3n(C3CCCC3)c12,herg,2.0,5.7
CHEMBL3237560,Cc1nc(Nc2cc(N[C@@H]3CCCC[C@@H]3N)nnc2C(N)=O)ccc1F,herg,15.848930000000001,4.8
CHEMBL3286732,Nc1ccc(-c2cccs2)cc1NC(=O)c1ccc(N2CCC3(CC2)CNC(=O)O3)nc1,herg,30.000000000000004,
CHEMBL3287854,O=c1cc([C@H]2CCN[C@@H](CCc3ccccc3)C2)o[nH]1,herg,999999.9999999995,
CHEMBL3289803,Nc1nc2ccc(C(F)(F)F)cc2n1CC(O)c1ccc(C(F)(F)F)cc1Cl,herg,10.5,
CHEMBL3291422,COc1ncnc(Cn2cc(C(=O)NCC(F)F)c3ncc(C)cc32)c1C,herg,33.0,
CHEMBL3291423,Cc1cnc2c(C(=O)NCCO)cn(Cc3ncnc(N(C)C)c3C)c2c1,herg,33.0,
CHEMBL3291427,COc1cnc2c(C(=O)NCCO)cn(Cc3ncnc(OC)c3C)c2c1,herg,33.0,
CHEMBL3301607,O=C(Nc1nc2cccc(-c3ccc(CN4CCS(=O)(=O)CC4)cc3)n2n1)C1CC1,herg,89.73171131813012,4.07
CHEMBL3318998,COc1cnc2ccc(=O)n(CCN3CCN(c4nc5cc(C#N)c(C)cc5[nH]4)CC3)c2c1,herg,33.0,
CHEMBL3331502,Clc1cccc(CN(CC2CNC2)c2ccccc2)c1Cl,herg,1.88,5.73
CHEMBL3358006,C[C@@H]1CN(c2nc(C(F)(F)F)no2)CCN1c1ncc(OCc2ccc(CS(C)(=O)=O)cc2F)cn1,herg,30.000000000000004,
CHEMBL3358954,CCS(=O)(=O)c1cc2cc(C[C@](O)(CC(C)(C)c3ccc(F)cc3C(N)=O)C(F)(F)F)[nH]c2cn1,herg,30.000000000000004,
CHEMBL3393137,COc1ccc(C(=O)C2CCN(C(=O)c3ccc(C(=O)NC4CCN(Cc5ccc(C#N)cc5)CC4)cn3)CC2)cc1,herg,4.7,5.33
CHEMBL3407784,CNC(=O)[C@@]12C[C@@H]1[C@@H](n1cnc3c(NC)nc(C#Cc4ccc(Cl)s4)nc31)[C@H](O)[C@@H]2O,herg,12.9,4.89
CHEMBL3417505,C[C@H](COc1ccc(C2=NNC(=O)C3CC23)cc1)CN1CCC[C@H]1C,herg,7.999999999999998,5.1
CHEMBL3422015,CC(C)c1nc(-c2nnc3n2CCN(C(=O)c2ccc(-c4cccs4)cc2)[C@@H]3C)co1,herg,7.300000000000001,5.14
CHEMBL3422018,Cc1nsc(-c2nnc3n2CCN(C(=O)c2ccc(-c4cccs4)cc2)[C@@H]3C)n1,herg,7.999999999999998,5.1
CHEMBL3422238,Cn1cc([C@H]2C[C@H]3CSC(N)=N[C@@]3(c3ccc(F)cc3F)CO2)cn1,herg,4.9,5.31
CHEMBL3422242,Cc1cc([C@H]2C[C@H]3[C@@H](C)SC(N)=N[C@@]3(c3ccc(F)cc3F)CO2)on1,herg,2.1,5.68
CHEMBL3422243,C[C@H]1SC(N)=N[C@@]2(c3ccc(F)cc3F)CO[C@@H](c3cnn(C)c3)C[C@@H]12,herg,4.8,5.32
CHEMBL3577955,CC(C)N1CCN(C(=O)c2ccc(CN3CCOCC3)cc2)CC1,herg,10.000000000000002,
CHEMBL3578244,Cc1c2cc(-n3ccc(OCc4csc(C(F)(F)F)c4)cc3=O)ccc2nn1C1CC1,herg,10.000000000000002,
CHEMBL3582240,CC1(C)CC[C@]23CC[C@@]4(C)[C@]5(C)CC[C@H]6C(C)(C)C(=O)C(C#N)=C[C@]6(C)C5=CC(=O)[C@@]4([C@@H]2C1)N(C1CCCCC1)C3=O,herg,40.0,
CHEMBL3582336,CCn1cc([C@@]2(c3nn(C)c(=O)o3)N[C@@H](c3nc(-c4ccc(F)cn4)c[nH]3)Cc3c2[nH]c2ccccc32)cn1,herg,29.485589700733478,4.53
CHEMBL3604701,Cc1cc(NCc2c(C)cccc2C)c2cccc(C(N)=O)c2n1,herg,0.50119,6.3
CHEMBL3608740,Cc1nsc(-c2nnc3n2CCN(C(=O)c2ccccc2)[C@@H]3C)n1,herg,49.99999999999999,4.3
CHEMBL3622898,Cc1nc(C)c(CNc2nc(OCCCc3ccc4ccccc4n3)nc(Cl)c2C)s1,herg,4.0,5.4
CHEMBL3654682,Cc1cc(-c2n[nH]c3cc(NC(=O)N[C@H](C)c4ccccc4)ncc23)cc(C)n1,herg,19.999999999999996,
CHEMBL3664717,C[C@@H](c1ccc(-c2ccn(C)c(=O)c2)cc1)N1CC[C@](CC(C)(C)O)(c2ccccc2)OC1=O,herg,100.00000000000004,
CHEMBL3665949,Cc1c(Cl)nc(OC[C@H]2C[C@@H]2c2ccccn2)nc1NCc1cnn(C)c1,herg,59.999999999999986,
CHEMBL3734797,Cc1noc([C@H]2C[C@@H]2C(=O)NCc2ccc(-c3cccc(OC(F)(F)F)c3)c3c2CN(C(=O)NC(C)(C)C)CC3)n1,herg,2.34,5.63
CHEMBL3754515,Nc1ccc(-c2cnc(N)c(-c3ccc(Cl)cc3)c2)cn1,herg,1.8,5.75
CHEMBL3769933,Cc1c2c(nn1-c1nnc(-c3ccc(OC(C)C)c(Cl)c3)s1)CCN(CCC(=O)O)C2,herg,50.11872,
CHEMBL3774411,Cn1c(SCCCN2CC3CCN(c4ccc(C(F)(F)F)cc4)C3C2)nnc1-c1cc[nH]c(=O)c1,herg,1.7782839136931987,5.75
CHEMBL3774649,Cn1c(SCCCN2CC3CCN(c4ccccc4)C3C2)nnc1C1CCOCC1,herg,3.548134444972457,5.45
CHEMBL3774783,Cn1c(SCCCN2CC3CCN(c4ccccc4C(F)(F)F)C3C2)nnc1-c1cnccn1,herg,1.4125386960009274,5.85
CHEMBL3775197,Cn1c(SCCCN2CC3CCN(c4ccccc4C(F)(F)F)C3C2)nnc1-c1cccnc1,herg,3.162275088634763,5.5
CHEMBL3786896,CCC(=O)O[C@@H](C(=O)N1N=CC[C@H]1C(=O)NCc1cc(Cl)ccc1-n1cnnn1)c1ccc(F)cc1,herg,33.0,
CHEMBL3804950,Cc1ccnc2c3c(nn12)CN([C@H]1CO[C@H](c2cc(F)ccc2F)[C@@H](N)C1)C3,herg,97.0,4.01
CHEMBL3818331,CCN1CCC(S(=O)(=O)c2c(Cl)ccc(NC(=O)Nc3cccc(F)c3Cl)c2O)CC1,herg,100.00000000000004,
CHEMBL3822651,COCC(=O)N1CCC(n2nc(C)c(Nc3ncc(Cl)c(-c4cnn5ccccc45)n3)c2C)CC1,herg,17.0,4.77
CHEMBL3823030,Cc1nn(C2CCN(C(=O)[C@@H](C)O)CC2)c(C)c1Nc1ncc(Cl)c(-c2cnn3ccccc23)n1,herg,29.000000000000004,4.54
CHEMBL3896657,O=C(O)CCc1cc2cc(-c3cc(OC(F)(F)F)ccc3F)ccc2o1,herg,59.999999999999986,
CHEMBL3901587,Cc1ncoc1-c1nnc(SCCCN2CC[C@@]3(C[C@@H]3c3ccc(C(F)(F)F)cc3F)C2)n1C,herg,0.44668,6.35
CHEMBL3901713,CNC(=O)c1c(-c2ccc(F)cc2)oc2cc(N(C)S(C)(=O)=O)c(-c3ccc4ccn5c6cccc(F)c6cc5c4n3)cc12,herg,30.000000000000004,
CHEMBL3905835,Cc1nccn1-c1ccc(-c2cn(CC(=O)Nc3cccc(Cl)c3Cl)nn2)cc1,herg,2.2,5.66
CHEMBL3908849,NC(=O)n1cc(NC(=O)N2CCC[C@H]2C(=O)Nc2cccc(OC(F)(F)F)c2)c2ccccc21,herg,30.000000000000004,
CHEMBL3912801,CC(=O)NC1CCC(c2nnc(SCCCN3CC[C@]4(C[C@@H]4c4ccc(C(F)(F)F)cc4)C3)n2C)CC1,herg,6.91831,5.16
CHEMBL3925871,Cn1cc(-c2ccc(F)c(C(F)(F)F)c2)nc1C1CCN(c2ncnc(N)c2-c2ccc(F)cc2)CC1,herg,1.8,5.75
CHEMBL3945880,O=c1cc(NC2CCN(S(=O)(=O)C(F)(F)F)CC2)c2cc(C(c3ccc(Cl)cc3)c3ccc(Cl)cc3)ccc2[nH]1,herg,49.99999999999999,
CHEMBL3959509,O=C(O)C1CN(Cc2ccc3c(c2)CCc2c-3noc2-c2onc(-c3ccccc3)c2C(F)(F)F)C1,herg,2.0,5.7
CHEMBL3963243,Cn1c(SCCCN2CC[C@]3(C[C@@H]3c3ccc(C(F)(F)F)cc3)C2)nnc1C1CCN(C(N)=O)CC1,herg,3.3113099999999998,5.48
CHEMBL3964512,Cn1c(SCCCN2CC[C@]3(C[C@@H]3c3ccc(C(F)(F)F)cc3)C2)nnc1C1=CCC(=O)N=C1,herg,9.772374327664693,5.02
CHEMBL3968947,O=C(O)CCCOc1ccc(-c2cc(OC(F)(F)F)ccc2Cl)cc1,herg,59.999999999999986,
CHEMBL3972653,CNC(=O)c1ccccc1Nc1nc(Nc2ccc3c(c2OC)CCC[C@@H](N2CCN(CCO)CC2)C3)ncc1Cl,herg,10.000000000000002,
CHEMBL3980161,Cc1nc(C)n(CC(=O)N2CCN(c3sc(C(F)(F)F)nc3-c3nc4ccc(-c5noc(C)n5)cc4[nH]3)C[C@H]2C)n1,herg,17.999999999999996,4.75
CHEMBL3981856,Cn1c(SCCCN2CC[C@]3(C[C@@H]3c3ccc(C(F)(F)F)cc3)C2)nnc1-c1ccc(CC(N)=O)cc1,herg,7.585779999999999,5.12
CHEMBL3984425,C[C@H](NC(=O)c1c(N)nn2cccnc12)c1cc2cccc(C#Cc3cnn(C)c3)c2c(=O)n1-c1ccccc1,herg,10.000000000000002,
CHEMBL401895,Cc1cc(C)n(-c2cc(NC(=O)COc3cccc(CN(C)C)c3)nc(-c3ccc(C)o3)n2)n1,herg,1.2,5.92
CHEMBL4059848,CC(=O)N1CCN(c2cccc(-c3cc(-c4ccnn4CC(F)(F)F)c4c(N)ncnn34)c2)C(=O)C1(C)C,herg,17.0,4.77
CHEMBL4060355,O=C(O)CC1CCC2(CCN(c3ccc(-c4nc5cc(C(F)(F)F)ccc5[nH]4)cn3)CC2)OC1,herg,1.9563892986034992,5.71
CHEMBL4060556,O=C(c1ccccc1)N1CCc2oc(-c3ccc(F)cn3)nc2C1,herg,63.99999999999998,4.19
CHEMBL4060568,COc1cc(-c2cccc(C(F)(F)F)c2)c(F)cc1-c1nccc2cc(S(=O)(=O)Nc3ccon3)ccc12,herg,10.000000000000002,
CHEMBL4069245,Cc1c([C@@H](O)CN2CCC3(CC2)CCN(c2ccc(=O)n(C)n2)C3=O)ccc2c1COC2=O,herg,33.87729703971702,4.6850000000000005
CHEMBL4074304,C[C@@H]1c2nnn(-c3cnccn3)c2CCN1C(=O)c1cccc(C(F)(F)F)c1Cl,herg,10.000000000000002,
CHEMBL4075203,O=C(O)CC1CCOC2(CCN(c3ccc(-c4nc5cc(C(F)(F)F)ccc5[nH]4)cn3)CC2)C1,herg,4.34980842068151,5.363333333333333
CHEMBL4080797,COc1ccc(-c2cc3c(N[C@@H]4CC[C@](C)(N)C4(C)C)c(C(N)=O)cnn3c2)cn1,herg,15.491933384829666,5.52
CHEMBL4085181,CCOC(=O)C1=C(CN2CCO[C@H](CCC(=O)O)C2)NC(c2nccs2)=N[C@H]1c1ccc(F)cc1Br,herg,30.000000000000004,
CHEMBL4087688,O=C(O)CC1COC2(CCN(c3ccc(-c4nc5cc(C(F)(F)F)ccc5[nH]4)cn3)CC2)C1,herg,19.499999999999996,4.71
CHEMBL4087906,O=C(CN1CCCC2=C1C(=O)N(C1CC1)C2=O)Nc1ccc(-c2cccnc2)nn1,herg,48.00000000000001,4.32
CHEMBL4088036,CCCCc1cc(OC2CCN(CCCCNS(=O)(=O)CC)CC2)c2ncccc2c1,herg,0.07762000000000002,7.11
CHEMBL4094163,Cc1cc(/C=C/C#N)cc(C)c1Oc1nc(NC2CCN(Cc3ccc(S(N)(=O)=O)cc3)CC2)nc2ccsc12,herg,0.1839781007333364,6.736666666666667
CHEMBL4095741,Cc1ccnc(-n2nnc3c2CCN(C(=O)c2cccc(C(F)(F)F)c2Cl)[C@@H]3C)n1,herg,10.000000000000002,
CHEMBL4096341,Cc1ncn(-c2ccc(C(=O)N[C@H]3[C@H]4CC[C@H]3N(c3ncc(Cl)c5cnoc35)C4)c(Cl)c2)n1,herg,10.000000000000002,
CHEMBL4099219,O=c1c2ccccc2oc2c(Cc3ccc4c(c3)OCO4)[nH]c(-c3nccs3)c12,herg,10.000000000000002,
CHEMBL4104355,NC(=O)c1cc(Cl)c2c(Cl)c(C3CC3)n([C@H]3CCCNC3)c2n1,herg,2.9,5.54
CHEMBL4105630,C[C@@]1(O)CC[C@H]2[C@H](CC[C@@H]3[C@@H]2CC[C@]2(C)[C@@H](C(=O)Cn4cc(C#N)cn4)CC[C@@H]32)C1,herg,30.000000000000004,
CHEMBL4109308,O=C(c1ccc(-n2nnc3cccnc32)cc1)N(c1ncccc1Cl)[C@@H]1CCCNC1,herg,8.5,5.07
CHEMBL4176771,COc1ncc(-c2cc(O[C@@H]3CCOC3)c3nc(N)nc(C)c3c2)cc1NS(=O)(=O)c1ccc(F)cc1F,herg,10.000000000000002,
CHEMBL4202824,CC(C)Oc1ccc(C#N)cc1C(=O)N1Cc2cn(-c3ccccc3)nc2C1,herg,10.000000000000002,
CHEMBL4203179,CCN1CCC(N2CCc3nc(Nc4ncc(F)c(-c5cc(F)c6nc(C)n(C(C)C)c6c5)n4)ccc3C2)CC1,herg,49.99999999999999,
CHEMBL4205995,CS(=O)(=O)c1ccc(-c2cccc(F)c2)c(C(=O)N2Cc3cn(-c4ccccc4F)nc3C2)c1,herg,4.5,5.35
CHEMBL4209316,CNc1nc(Nc2ccc(-n3cnc(C)n3)c(OC)c2)nc2c1CC[C@H]2c1ccc(F)cc1,herg,1.2,5.92
CHEMBL4211915,C[C@H]1COCCN1c1nc(-c2cnc(N)cc2F)cc(C2(S(C)(=O)=O)CC2)n1,herg,30.000000000000004,
CHEMBL4212403,COc1cc(NC(C(=O)c2c[nH]c3ccccc23)c2ccccc2)cc(OC)c1,herg,49.99999999999999,
CHEMBL4213486,C[C@@]1(c2cc(NC(=O)c3ccc(C#N)cn3)ccc2F)C=C(CF)OC(N)=N1,herg,2.0,5.7
CHEMBL4216391,CC(C)(C)Oc1ccc(S(C)(=O)=O)cc1C(=O)N1Cc2cn(-c3ccccc3F)nc2C1,herg,8.100000000000001,5.09
CHEMBL4218132,COc1cc([C@H](c2cc3cc(Br)ccc3nc2OC)[C@@](O)(CCN(C)C)c2cccc(F)c2)cnc1OC,herg,1.9,5.72
CHEMBL4225434,COc1cc2ccc(Br)cc2cc1[C@@H](c1cccc(C)c1)[C@@](O)(CCN(C)C)c1cccc2c1OCO2,herg,0.5,6.3
CHEMBL4227839,C[C@@H]1c2n[nH]cc2CN1C1=NC(NCc2c(F)cccc2C(F)(F)F)c2cccc(C(N)=O)c2N1,herg,3.16228,5.5
CHEMBL4228130,COc1cc2ccc(Br)cc2cc1[C@@H](c1ccnc(OC)c1OC)[C@@](O)(CCN(C)C)c1cccc2ccoc12,herg,0.9,6.05
CHEMBL4238063,Cc1nnc(C(C)C)n1[C@@H]1C[C@H]2CC[C@@H](C1)N2CC[C@H](NC(=O)C1CCCC1)c1cccs1,herg,1.52,5.82
CHEMBL4244935,Cc1nnc(C(C)C)n1[C@@H]1C[C@H]2CC[C@@H](C1)N2CC[C@H](NC(=O)C1CCC(F)(F)CC1)c1cccs1,herg,3.5,5.46
CHEMBL4248525,CN1CCN(CCCOc2cccc(CC(=O)Nc3nc(-c4c[nH]c5ncccc45)cs3)c2)CC1,herg,30.000000000000004,
CHEMBL4281240,C[C@@H]1COCCN1c1cc(C2(S(C)(=O)=O)CC2)nc(-c2cncc3[nH]ccc23)n1,herg,15.0,4.82
CHEMBL4299173,COc1ccc(CN(C(=O)[C@@H](N)Cc2c(C)cc(C(N)=O)cc2C)[C@H](C)c2nc(-c3ccccc3)c[nH]2)cc1C(=O)O,herg,10.000000000000002,
CHEMBL442078,C[C@@H]1CN(C(=O)c2ccccc2)CCN1C(=O)C(=O)c1c[nH]c2ncccc12,herg,79.99999999999997,
CHEMBL4450031,COc1ccc2c(=O)c(O)c(-c3ccc4c(c3)OCO4)oc2c1,herg,100.00000000000004,
CHEMBL4451760,COc1c(C#N)ccc2[nH]c(-c3cn4c(n3)[C@H](c3cccc(F)c3C)OCC4)cc12,herg,5.29,5.28
CHEMBL4457557,NC(=O)c1ccc(Cc2ccccc2)cc1-c1cccc(CCC(=O)O)c1,herg,33.3,
CHEMBL4457647,O=C(Nc1ccnnc1)c1cc(N2CCOCC2)ccc1OCc1ccccc1,herg,63.09573000000003,
CHEMBL4465714,Nc1nc2ccc(OCc3ccc(Cl)c(Cl)c3)cc2s1,herg,24.999999999999996,
CHEMBL4468228,N#Cc1ccc(COc2ccc3nc(N)sc3c2)cc1,herg,24.999999999999996,
CHEMBL4470860,Cc1nc2c(-c3nnc[nH]3)cc(-c3ccnc(N)c3F)cc2n1-c1ccnc2c(F)ccc(F)c12,herg,24.999999999999996,
CHEMBL4514678,Cc1cc(C#N)cc(C)c1Oc1nc(NC2CCN(Cc3ccc(C(N)=O)cc3)CC2)nc2c1COC2,herg,0.83,6.08
CHEMBL4519186,CCNC1=N[C@@H]2[C@@H](OC)[C@H](O)[C@@H](CO)O[C@@H]2S1,herg,30.000000000000004,
CHEMBL4528355,Nc1nc2ccc(C(=O)NCCc3c[nH]c4ccccc34)cc2s1,herg,24.999999999999996,
CHEMBL4528447,CNC(=O)c1c(-c2ccc(F)cc2)oc2cc(N(c3ccc(B(O)O)c(Cl)c3)S(C)(=O)=O)c(C3CC3)cc12,herg,1.6,5.8
CHEMBL4533529,NC[C@H](NC(=O)c1ccc(-c2ccc(C(F)(F)F)c(F)c2)[nH]1)c1nc(CO)cs1,herg,3.0000000000000004,5.52
CHEMBL4545398,COC(=O)C1CCN(C(=O)c2ccc3nc(N)sc3c2)CC1,herg,24.999999999999996,
CHEMBL4548795,COc1cc(-c2cncc(-c3ccc(N4CCN(C(C)C)CC4)cc3)c2C)cc(F)c1C(N)=O,herg,30.000000000000004,
CHEMBL4552119,Nc1nc2c(O)cc(C(=O)NCc3ccccc3)cc2s1,herg,24.999999999999996,
CHEMBL4557670,C[C@H]1SC(N)=N[C@](C)(c2cc(NC(=O)c3cnc(OCF)cn3)ccc2F)[C@H]1F,herg,5.1,5.29
CHEMBL4563167,COc1cccc(C(O)(CCN(C)C)C(c2cc3cc(Br)ccc3nc2OC)c2cccc3c2OCO3)n1,herg,0.24,6.62
CHEMBL4570378,CCNC1=N[C@@H]2[C@@H](O)[C@H](O)[C@@H](COC)O[C@@H]2S1,herg,30.000000000000004,
CHEMBL4571380,COc1cc(CCNc2nc(C#Cc3ccccc3)nc3c2ncn3[C@H]2[C@H](O)[C@H](O)[C@@H]3C[C@@H]32)ccc1O,herg,5.39,5.27
CHEMBL4582026,Nc1nc2ccc(C(=O)NCc3ccccc3[N+](=O)[O-])cc2s1,herg,24.999999999999996,
CHEMBL4593473,CN(C)C(=O)Cn1ccc2ncc(-c3ccc(F)c(Cl)c3)cc21,herg,10.000000000000002,
CHEMBL46,Cc1nccn1CC1CCc2c(c3ccccc3n2C)C1=O,herg,0.7053615427060717,6.151999999999999
CHEMBL4632471,Cc1ccc(C(=O)Nc2ccc(CN3CCN(CCO)CC3)c(C3CC3)c2)cc1C#Cc1cnc2cccnn12,herg,0.3400000000000001,6.47
CHEMBL4632769,Cc1cc(C)c(-c2ncc[nH]2)cc1NC(=O)c1ccc(OCc2ccccn2)cc1,herg,24.999999999999996,
CHEMBL4632970,CNC(=O)[C@H](C)Cn1cnc2ccc(-c3cnc(OC)c(NS(=O)(=O)c4ccc(F)cc4Cl)c3)cc2c1=O,herg,27.500000000000004,4.56
CHEMBL4635907,C[C@@H](NC(=O)c1nc(-c2nccc3ccccc23)nc(O)c1O)C1CCCCC1,herg,30.000000000000004,
CHEMBL4636120,COc1cc(-c2cncc(-c3ccc(N4CCNCC4)cc3)c2C)cc(OC)c1F,herg,2.5,5.6
CHEMBL4636208,CC(C)[C@@H](NC(=O)c1cc(C(F)(F)F)ccc1F)C(=O)N1CCC2(CC1)C(=O)N(C)C(=O)N2c1ccc2[nH]ncc2c1,herg,49.99999999999999,
CHEMBL4637524,COc1ccnc(-c2nc(O)c(O)c(C(=O)N[C@H](C)C3CCCCC3)n2)c1,herg,30.000000000000004,
CHEMBL4642697,COc1cc(C2=CC3=NOC[C@H](c4cc(F)c(F)c(F)c4)N3CCC2)ccc1-n1cnc(C)c1,herg,2.608,5.58
CHEMBL4646426,CCOC(=O)Cc1nn(CNC(=O)CCCN2CCN(c3cccc(C)c3C)CC2)c(=O)c2cc(F)ccc12,herg,10.000000000000002,
CHEMBL4647791,Cc1nc2c(-c3nnc[nH]3)cc(-c3ccnc(C#N)c3)cc2n1-c1ccnc2c(F)ccc(F)c12,herg,24.999999999999996,
CHEMBL4647810,C[C@@H]1COCCN1c1cc(-c2ccnn2C)c2ccnc(-c3ccn[nH]3)c2n1,herg,10.000000000000002,
CHEMBL4650316,C[C@@H]1Cc2c([nH]c3ccccc23)[C@@H](c2c(F)cc(NC3CN(CCCF)C3)cc2F)N1CC(F)(F)CO,herg,6.1,5.21
CHEMBL467114,O=C([O-])c1cccc(Cc2cc(Cl)ccc2OCc2ccc(Cl)cc2F)n1,herg,31.81083085994455,
CHEMBL471757,CC(C)(C)CNc1nc(C#N)nc(N2CCOCC2)c1N,herg,70.00000000000003,4.16
CHEMBL4743440,Cc1c(-c2ccc3[nH]ncc3c2)ccc2c3oc(CN)nc3c(=O)n(C3CC3)c12,herg,6.200000000000001,5.21
CHEMBL474484,CC(C)CNc1nc(C#N)nc(N2CCNCC2)c1N,herg,52.00000000000001,4.28
CHEMBL4750385,CCn1c(-c2cnc(C)nc2)nc2c(-c3cnc4c(c3)[C@](C)(NCC(C)(C)F)C(=O)N4)ncnc21,herg,30.000000000000004,
CHEMBL4750688,CN(C)c1ccc(CC(=O)N[C@@H]2CNC[C@H]2c2ccc(C(F)(F)F)cc2)cc1,herg,5.91,5.23
CHEMBL4753698,O=C1N2C[C@@H](CC[C@H]2F)N1OS(=O)(=O)[O-],herg,100.00000000000004,
CHEMBL4754334,Nc1cc(F)c(S(=O)(=O)N2CCC(O)CC2)cc1C(=O)Nc1ccc(F)c(C(F)F)c1,herg,10.000000000000002,
CHEMBL4755618,Cc1ncccc1-c1cnc(NCc2c(F)ccc3c2CCO3)n2cnnc12,herg,30.000000000000004,
CHEMBL4759692,Cc1cc(-c2ccc3c(c2)-c2nnc(Oc4ccccc4Cl)n2CCO3)ccn1,herg,3.5099999999999993,5.46
CHEMBL4760389,COc1nc(-c2csc(Nc3c4c(nn3CC(C)(C)O)CCCC4)n2)ccc1-n1cnc(C)c1,herg,5.8,5.24
CHEMBL4777349,O=C1NCCC12CCN(c1c(Cl)cncc1-c1cc3ccccc3o1)CC2,herg,10.9,4.96
CHEMBL4787638,O=C(Nc1cccc(Cl)c1)N1CCOc2ccc(-c3ccncc3)cc2C1,herg,8340.000000000004,
CHEMBL4788651,COc1ccc2ncc(F)c(CC[C@@]3(O)CO[C@@H]4[C@@H](NCc5cc6c(cn5)OCCO6)CO[C@@H]43)c2n1,herg,65.99999999999997,4.18
CHEMBL4790083,N#Cc1ccc(N2C3CCC2CN(C(=O)CCS(=O)(=O)c2cccc4ncsc24)C3)nc1,herg,5.6,5.25
CHEMBL4791626,CN(C)CCn1cc2cc(NC(=O)c3cccc(C(F)(F)F)n3)c(C(C)(C)O)cc2n1,herg,16.5,4.78
CHEMBL4802135,CC(C)(C)[C@H](NC(=O)C(F)(F)F)C(=O)N1C[C@H]2[C@@H]([C@H]1C(=O)N[C@H](C#N)C[C@@H]1CCNC1=O)C2(C)C,herg,10.000000000000002,
CHEMBL480501,Cn1c(N(Cc2ccc(C(=O)Nc3nnn[nH]3)cc2)[C@H]2CC[C@H](C(C)(C)C)CC2)nc2cc(C(F)(F)F)ccc21,herg,10.000000000000002,
CHEMBL4858136,CN1CCN(Nc2cccc3c2C[C@@H](CN(C)[C@H]2CCCc4cccnc42)NC3)CC1,herg,6.800000000000001,5.17
CHEMBL4864408,O=C(O)c1cc(-c2ccc(-c3cc(CO)on3)cc2)c2ccc(-c3ccc(C(F)(F)F)cc3)cc2c1,herg,30.000000000000004,
CHEMBL4864604,CC(=O)N1Cc2cc(S(C)(=O)=O)ccc2[C@@H]1C(=O)Nc1ccc(C(O)(C(F)(F)F)C(F)(F)F)cc1,herg,49.99999999999999,
CHEMBL4865767,CNC(=O)c1cc(C(=O)N[C@H]2CC[C@H](O)CC2)c([C@@H](C)c2ccccc2)o1,herg,50.11872,
CHEMBL4870920,CC(C)N1Cc2cc(C(F)(F)F)ncc2C2=CN=C(NCc3c(F)ccc4c3CCO4)N3C=NC(C1=O)C23,herg,30.000000000000004,
CHEMBL4877549,COc1c(OCc2ccc(F)cc2)cc2oc3cc4c(c(OC/C=C/C(=O)O)c3c(=O)c2c1CC=C(C)C)C=CC(C)(C)O4,herg,40.0,
CHEMBL5070887,Cc1cnc(Nc2ccnn2C)nc1-c1cc2n(c1)C(=O)N([C@H](CO)c1cccc(Cl)c1)C2,herg,0.013999999999999993,7.85
CHEMBL5073381,COc1cnc(C(=O)Nc2ccc(F)c([C@]3(C)Cn4c(C#N)cnc4C(N)=N3)c2)cn1,herg,10.000000000000002,
CHEMBL5077861,C=CC(=O)N1CC2(CC(n3nc(-c4ccc5c(cnn5C)c4)c(-c4c(Cl)c(C)cc5[nH]ncc45)c3C)C2)C1,herg,4.7,
CHEMBL5078281,CCN(C)c1nc(=O)n(-c2ccccc2)c2cc(Cl)ccc12,herg,40.0,
CHEMBL5079910,Cc1nccc(-c2cc3[nH]nc(N[C@H]4CCNC[C@@H]4F)c3cc2C2CC2)c1F,herg,18.999999999999996,4.72
CHEMBL5082711,CCNC(=N)NC(=O)Nc1c(CC)cccc1CC,herg,30.000000000000004,
CHEMBL5090655,C[C@@H]1Cc2c([nH]c3ccccc23)[C@@H](c2c(F)cc(-c3ccc(C(=O)O)cc3)cc2F)N1CC(C)(C)F,herg,30.000000000000004,
CHEMBL5090849,CCOc1ccc(-c2nnc([C@H]3C[C@H](NC(=O)c4cccc5nccnc45)C3)n2-c2ccccc2F)nc1,herg,24.999999999999996,
CHEMBL5093378,Cc1nc(C)c([C@H](OC(C)(C)C)C(=O)O)c(N2CCC(C)(C)CC2)c1-c1ccc(OCCc2ccc(F)cc2)cc1,herg,0.67,6.17
CHEMBL5095218,C[C@@H](N)c1cc(Cl)ccc1Cn1c(=S)[nH]c(=O)c2[nH]ccc21,herg,21.0,4.68
CHEMBL5176104,N=C1N[C@H]2[C@H](CN3C(=O)CCC3=O)NC(=N)N3C[C@H](NC(=O)c4cccc5c4CCCC5)C(O)(O)[C@]23N1,herg,100.00000000000004,
CHEMBL5184753,FC(F)(F)c1nccc(N[C@H]2CC[C@@H](Nc3ccc4nnc(Cl)n4n3)CC2)n1,herg,24.000000000000004,4.62
CHEMBL5190388,Clc1ccc(Nc2nc3ccccc3c3[nH]c(C4CCC=CCC4)nc23)cc1Cl,herg,6.06,5.22
CHEMBL5190509,CCNC(=O)c1ccc2c(c1)[C@H](Nc1ccc(C#N)cn1)C[C@H](C)N2C(C)=O,herg,50.11872,
CHEMBL5195355,Cc1cccc2[nH]c(-c3cncc(-c4cc(F)cc(C#N)c4)c3N3CC[C@H](N)C3)nc12,herg,2.1,5.68
CHEMBL5200580,COc1cc(-c2ccc(C#N)cc2)ccc1Oc1cc(N)nc(Nc2ccc(C#N)cc2)n1,herg,40.0,
CHEMBL5201911,O=C(NCCNc1cc(-c2cn(-c3ccccc3)nc2-c2cccc(O)c2)ccn1)Nc1cccc(C(F)(F)F)c1,herg,49.99999999999999,
CHEMBL5203882,Brc1ccc(-c2nc3ccc(Br)cn3n2)cc1,herg,10.000000000000002,
CHEMBL5205780,CNCC(=O)N[C@@H]1[C@H](O)[C@H](O[C@H]2/C=C/C=C/C=C/C=C/C=C/C=C/C=C/[C@H](C)[C@@H](O)[C@@H](C)[C@H](C)OC(=O)C[C@H](O)C[C@H](O)CC[C@@H](O)[C@H](O)C[C@H](O)C[C@]3(O)C[C@H](O)[C@@H](C(=O)NCCN)[C@H](C2)O3)O[C@H](C)[C@H]1O.NC(CCC(=O)O)C(=O)O,herg,13.300000000000002,
CHEMBL5206780,Cc1ccc(NC(=O)c2ccnc(C(F)(F)F)c2)cc1-c1ccc2c(c1)OC1(CCOCC1)CC2=O,herg,3.4,5.47
CHEMBL5273175,Cc1nc2cc(NC(=O)c3cc4sc(N5CCC(C(=O)N(C)C)CC5)nc4s3)ccc2o1,herg,30.000000000000004,
CHEMBL5285364,COCCCN1CCC(c2noc(-c3nn(C(C)C)c4ccccc34)n2)CC1,herg,0.95,6.02
CHEMBL5290005,CC[C@@H](Nc1c(C#N)c(-c2ccc(-c3cccc(Cl)c3F)cc2)nc2cnccc12)C(N)=O,herg,10.000000000000002,
CHEMBL5399984,FC(F)Oc1cc(-n2cc(CNc3ncccn3)nn2)ccc1Cl,herg,10.000000000000002,
CHEMBL5400499,Cc1cc(N2CCc3c(c(C)nn3CC34CCC(NCC(F)F)(CC3)CC4)C2)c2cnn(C)c2n1,herg,30.000000000000004,
CHEMBL5401020,CCc1ncc(-c2cc(C)no2)c(C2CCN(CC(=O)N3CCOCC3)CC2)n1,herg,10.000000000000002,
CHEMBL5403684,CCC[C@@H](CCO)Nc1nc(N)nc2cnn(Cc3ncc(C4CCN(C5CCN(C)CC5)CC4)cc3OC)c12,herg,49.99999999999999,
CHEMBL5405310,CN[C@@H](C)C(=O)NC12CCC(Cn3nc(C)c4c3CCN(c3cc(C)nc5c3cnn5C)C4)(CC1)CC2,herg,30.000000000000004,
CHEMBL5407698,CCC[C@@H](CCO)Nc1nc(N)nc2cnn(Cc3ncc(C4CCC5(CC4)CN(C(C)C)C5)cc3OC)c12,herg,13.0,4.89
CHEMBL5417170,Cc1cc(N2CCc3c(c(C)nn3CC34CCC(NC(=O)[C@@H]5COCCN5)(CC3)CC4)C2)c2cnn(C)c2n1,herg,30.000000000000004,
CHEMBL5417342,CCC[C@@H](CCO)Nc1nc(N)nc2cnn(Cc3ncc(C4CCC5(CC4)CNC5)cc3OC)c12,herg,13.999999999999996,4.85
CHEMBL5419406,Cc1cc(N2CCc3c(c(C)nn3CC34CCC(N5C[C@@H](C)O[C@@H](C)C5)(CC3)CC4)C2)c2cnn(C)c2n1,herg,30.000000000000004,
CHEMBL5419694,CCC[C@@H](CCO)Nc1nc(N)nc2cnn(Cc3ncc(C4CCNCC4)cc3OC)c12,herg,49.99999999999999,
CHEMBL5427289,CCC[C@@H](CCO)Nc1nc(N)nc2cnn(Cc3ncc(C4CCN(C)CC4)cc3OC)c12,herg,43.0,4.37
CHEMBL5430815,Cc1cc(N2CCc3c(c(C)nn3CC34CCC(NC5CCC5)(CC3)CC4)C2)c2cnn(C)c2n1,herg,24.999999999999996,4.6
CHEMBL5431871,Cc1cc(N2CCc3c(c(C)nn3CC34CCC(N)(CC3)CC4)C2)c2cnn(C)c2n1,herg,29.000000000000004,4.54
CHEMBL5432728,Cc1cc(N2CCc3c(c(C)nn3CC34CCC(NC(=O)CN(C)C)(CC3)CC4)C2)c2cnn(C)c2n1,herg,30.000000000000004,
CHEMBL5437552,[2H]C([2H])([2H])NC(=O)c1nnc(Nc2ccc(C(C)(C)O)cn2)cc1Nc1nccc(-c2ncc(F)cn2)c1OC,herg,1.3,5.89
CHEMBL5438736,C[C@@H]1Cc2c(ccc3[nH]ncc23)[C@@H](c2c(F)cc(N3CCC4(CCN(C(=O)CN5Cc6cc7c(cc6C5)C(=O)N(C5CCC(=O)NC5=O)C7=O)CC4)CC3)cc2F)N1CC(F)F,herg,30.000000000000004,
CHEMBL549930,CC(Cn1ccnc1)NC(=O)NC1CCN(Cc2ccn(-c3ccc(C(F)(F)F)cc3)c2)CC1,herg,31.599999999999998,
CHEMBL550652,Cn1cnnc1C1CCN(C(=O)NC2CC2c2ccccc2)CC1,herg,30.000000000000004,
CHEMBL550818,CN(CC1CCOCC1)C1CCN(c2nc3ccccc3n2Cc2ccc(F)cc2)CC1,herg,0.028999999999999984,7.54
CHEMBL552196,Cc1c(O)noc1C1CCN(C(=O)NC2CC2c2ccccc2)CC1,herg,30.000000000000004,
CHEMBL556487,O=C(NC1CC1c1ccccc1)N1CCC(c2nc(-c3ccncc3)no2)CC1,herg,10.000000000000002,5.0
CHEMBL559531,O=C(O)c1ccc(-c2noc(C3CCN(C(=O)NC4CC4c4ccccc4)CC3)n2)cc1,herg,30.000000000000004,
CHEMBL564144,C[C@@H](c1ccccn1)c1c(CCN(C)C)sc2ccccc12,herg,1.4,5.85
CHEMBL564975,O=C(NC1CC1c1ccccc1)N1CCC(n2ccnn2)CC1,herg,30.000000000000004,
CHEMBL584,Cc1c(O)cccc1C(=O)N[C@@H](CSc1ccccc1)[C@H](O)CN1C[C@H]2CCCC[C@H]2C[C@H]1C(=O)NC(C)(C)C,herg,584.3413482408027,4.9
CHEMBL596700,Cn1cnc(C(=O)N(Cc2cccc(OC(F)(F)F)c2)[C@H]2C[C@H]3CNC[C@H]3C2)c1,herg,13.2,4.88
CHEMBL608151,CCOC[C@H]1[C@@H]2CNC[C@@]21c1ccc(Cl)c(Cl)c1,herg,4.2,5.38
CHEMBL638,C[C@@H](c1ncncc1F)[C@](O)(Cn1cncn1)c1ccc(F)cc1F,herg,40.0,
CHEMBL6966,COc1ccc(CCN(C)CCCC(C#N)(c2ccc(OC)c(OC)c2)C(C)C)cc1OC,herg,0.21818430429629646,6.661111111111111
CHEMBL71,CN(C)CCCN1c2ccccc2Sc2ccc(Cl)cc21,herg,1.7201600838976725,5.764444444444445
CHEMBL95463,Nc1nc2ccc(SC(F)(F)F)cc2s1,herg,10.000000000000002,5.0
CHEMBL1086579,Cc1cc(CN2CCN(c3c(Br)cnc4[nH]c(N5CCN(C)CC5)nc34)CC2)no1,cyp3a4,10.000000000000002,
CHEMBL1090175,COc1ccc2c(c1)CC(CCN(C)C)=C2[C@@H](C)c1cnccn1,cyp3a4,10.000000000000002,
CHEMBL1092652,CN(C)CCC1=C(Cc2cccnn2)c2ccc(Cl)cc2C1,cyp3a4,10.000000000000002,
CHEMBL111,Cc1c(C(=O)NN2CCCCC2)nn(-c2ccc(Cl)cc2Cl)c1-c1ccc(Cl)cc1,cyp3a4,0.02,
CHEMBL1169660,O=C(NCCO)c1ccccc1Oc1ncc(Cl)cc1NS(=O)(=O)c1ccc(Cl)c(Cl)c1,cyp3a4,20.417379999999998,4.69
CHEMBL1210614,Cc1ncoc1-c1nnc(SCCCN2CC3CC3(c3cccc(S(F)(F)(F)(F)F)c3)C2)n1C,cyp3a4,10.000000000000007,
CHEMBL1223259,CC(C)(C)c1nnc(-c2nn(-c3ccccc3Cl)c(-c3ccc(Br)cc3)c2Cn2cncn2)s1,cyp3a4,0.02,
CHEMBL1235,CCNCc1cc(Nc2ccnc3cc(Cl)ccc23)ccc1O,cyp3a4,48.98979485566357,4.413333333333333
CHEMBL1236391,CSc1nn(-c2ccccc2)c2cc(NC(=O)C3CCNCC3)ccc12,cyp3a4,10.000000000000002,
CHEMBL1271520,O=C(N[C@@H]1CN2CCC1CC2)c1cccc2oc(N3CCOCC3)nc12,cyp3a4,100.00000000000004,
CHEMBL1289515,O=c1cc(OCc2ccccc2)ccn1-c1ccc2c(cnn2CCN2CC[C@H](O)C2)c1,cyp3a4,7.7,5.11
CHEMBL1290746,Cc1ccc(C(=O)Nc2ccon2)cc1NC(=O)c1cnn(-c2ccccc2F)c1N,cyp3a4,13.0,
CHEMBL1615152,O=C(O)c1ccc(NC(=O)[C@H](C2CCCCC2)n2c(-c3ccc(Cl)cc3)nc3cc(F)c(F)cc32)c(F)c1,cyp3a4,38.99999999999999,4.41
CHEMBL1630,CCN(CC)Cc1cc(Nc2ccnc3cc(Cl)ccc23)ccc1O,cyp3a4,52.91502622129183,4.55
CHEMBL1642895,CN[C@@H]1Cc2ccccc2[C@@H](c2ccc(Cl)c(Cl)c2)C1,cyp3a4,24.999999999999996,
CHEMBL1642896,CN[C@@H]1Cc2ccccc2[C@H](c2ccc(Cl)c(Cl)c2)C1,cyp3a4,24.999999999999996,
CHEMBL1642908,CNC[C@@H]1Cc2ccccc2[C@H](c2ccc(Cl)c(Cl)c2)C1,cyp3a4,24.999999999999996,
CHEMBL1642912,NCC[C@@H]1Cc2ccccc2[C@H](c2ccc(Cl)c(Cl)c2)C1,cyp3a4,24.999999999999996,
CHEMBL1650511,FC(F)(F)c1ccccc1-c1cc(C(F)(F)F)c2[nH]c(C3=NOC4(CCCCC4)C3)nc2c1,cyp3a4,10.000000000000002,
CHEMBL1668239,O=C(N[C@H]1CC[C@H](O)CC1)[C@H](C1CCCCC1)n1c(-c2ccc(Cl)cc2)nc2cc(F)c(F)cc21,cyp3a4,33.0,4.48
CHEMBL1668243,O=C(O)c1ccc(NC(=O)[C@H](C2CCCCC2)n2c(-c3ccc(Cl)cc3)nc3cc(F)c(F)cc32)c(Cl)c1,cyp3a4,23.0,4.64
CHEMBL1668257,O=C(Nc1ccc(-c2nnn[nH]2)cc1F)[C@H](C1CCCCC1)n1c(-c2ccc(Cl)cc2)nc2cc(F)c(F)cc21,cyp3a4,7.7,5.11
CHEMBL1683074,CO[C@@H]1COCC[C@@H]1N[C@@H]1CC[C@@](C(=O)N2CCN(c3cc(C(F)(F)F)ccn3)CC2)(C(C)C)C1,cyp3a4,24.999999999999996,
CHEMBL1684058,CC(N(C)C)C1(c2ccc(Cl)c(Cl)c2)CCCCC1,cyp3a4,24.999999999999996,
CHEMBL1684059,CC(N(C)C)C1(c2ccc3ccccc3c2)CCCCC1,cyp3a4,4.999999999999999,
CHEMBL1767164,O=c1c2ccccc2c(Cc2ccc(Cl)cc2)nn1C[C@H]1CCCN1CCCCc1ccc(OCCCN2CCCCCC2)cc1,cyp3a4,0.3,6.52
CHEMBL1777855,CC#CC(CC(=O)O)c1ccc(Oc2ccc(C(F)(F)F)cc2OC(F)F)cc1F,cyp3a4,49.99999999999999,
CHEMBL1778865,COc1cc(F)ccc1-c1cncc(CNCC2CC2)n1,cyp3a4,19.999999999999996,
CHEMBL1779012,COc1cc(F)ccc1-c1cncc(CNC(=O)c2cnccn2)c1,cyp3a4,19.999999999999996,
CHEMBL1779013,COc1cc(F)ccc1-c1cncc(CNC(=O)c2ccccn2)c1,cyp3a4,19.999999999999996,
CHEMBL1813471,Clc1ccc([C@]23CCCC[C@H]2CNC3)cc1Cl,cyp3a4,8.39,5.08
CHEMBL1813484,CN1C[C@H]2CCC[C@@]2(c2ccc(Cl)c(Cl)c2)C1,cyp3a4,24.999999999999996,
CHEMBL1834345,CCN/C(=N\S(=O)(=O)c1cccc(Cl)c1)N1CC(C)(C)C=N1,cyp3a4,10.000000000000002,
CHEMBL1835153,NC(=O)c1cnc(N[C@H](C2CC2)C(F)(F)F)c2c1[nH]c1cc(-c3cnc(N)nc3)ccc12,cyp3a4,74.99999999999997,
CHEMBL1837040,CC(=O)N1Cc2cc(Cl)ccc2-n2c(nnc2C2CCN(c3ccccn3)CC2)C1,cyp3a4,30.000000000000004,
CHEMBL1873475,C=CC(=O)N1CCC[C@@H](n2nc(-c3ccc(Oc4ccccc4)cc3)c3c(N)ncnc32)C1,cyp3a4,21.18490028298457,4.675
CHEMBL1908842,CN(C)CC(=O)N1CCC(c2ccc(NC(=O)c3nc(C#N)c[nH]3)c(C3=CCCCC3)c2)CC1,cyp3a4,4.8,5.32
CHEMBL1949930,COc1cc(OC(C)C)cc(S(=O)(=O)c2ccc3c(c2)O[C@H]2CNCC[C@@H]32)c1,cyp3a4,5.9,
CHEMBL1950643,O=c1ccc(-c2ccc(OC3CCN(C4CCC4)CC3)cc2)n[nH]1,cyp3a4,30.000000000000004,
CHEMBL1951431,CC(C)=CCn1c(N2CCC[C@H](N)C2)c(C#N)c2ncn(Cc3ccnc4ccccc34)c(=O)c21,cyp3a4,3.0000000000000004,
CHEMBL1951599,CC(C)=CCn1c(N2CCC[C@H](N)C2)c(C#N)c2c1c(=O)n(Cc1nccc3ccccc13)c(=O)n2C,cyp3a4,3.0000000000000004,
CHEMBL1951600,CC(C)=CCn1c(N2CCC[C@H](N)C2)c(C#N)c2c1c(=O)n(Cc1nc(C)c3ccccc3n1)c(=O)n2C,cyp3a4,3.0000000000000004,
CHEMBL1951608,CC(C)=CCn1c(N2CCCNCC2)c(C#N)c2c1c(=O)n(Cc1nccc3ccccc13)c(=O)n2C,cyp3a4,3.0000000000000004,
CHEMBL1957816,O=C(c1cccn2ccnc12)N1CCN(CCc2ccc(F)cc2F)CC1,cyp3a4,40.0,
CHEMBL1980297,Nc1ncc(-c2cnn(CCO)c2)c2scc(-c3ccc(NC(=O)Nc4cccc(F)c4)cc3)c12,cyp3a4,30.000000000000004,
CHEMBL2021600,C[C@H](Oc1ccc(S(C)(=O)=O)cc1C(=O)N1CCN(c2ncc(C(F)(F)F)cc2F)CC1)C(C)(C)C,cyp3a4,24.000000000000004,
CHEMBL2040854,Cc1cc(C(=O)O)ccc1-c1ccc(N2C(=O)N(c3cc(O)ncn3)C3(CCN(Cc4ncccc4C)CC3)C2=O)cn1,cyp3a4,49.99999999999999,
CHEMBL2040894,COCc1nc(-c2ccc(N3C(=O)N(c4cc(O)ncn4)C4(CCN(Cc5ncccc5C)CC4)C3=O)cc2)no1,cyp3a4,49.99999999999999,
CHEMBL2041176,COc1cc(N2C(=O)N(c3ccc(-c4ccc(C#N)cc4)cc3)C(=O)C23CCN(Cc2ncccc2C)CC3)ncn1,cyp3a4,49.99999999999999,
CHEMBL2041177,COc1cc(N2C(=O)N(c3ccc(-c4ccc(C(N)=O)cc4)cc3)C(=O)C23CCN(Cc2ncccc2C)CC3)ncn1,cyp3a4,49.99999999999999,
CHEMBL2041183,Cc1cc(C(=O)O)ccc1-c1ccc(N2C(=O)N(c3cc(C(F)(F)F)ncn3)C3(CCN(Cc4ncccc4C)CC3)C2=O)cc1,cyp3a4,49.99999999999999,
CHEMBL2041184,Cc1nccc(N2C(=O)N(c3ccc(-c4ccc(C(=O)O)cc4C)cc3)C(=O)C23CCN(Cc2ncccc2C)CC3)n1,cyp3a4,49.99999999999999,
CHEMBL2041186,Cc1cc(C(=O)O)ccc1-c1ccc(N2C(=O)N(c3nccnc3C)C3(CCN(Cc4ncccc4C)CC3)C2=O)cc1,cyp3a4,49.99999999999999,
CHEMBL2041188,Cc1cc(C(=O)O)ccc1-c1ccc(N2C(=O)N(c3ncccn3)C3(CCN(Cc4ncccc4C)CC3)C2=O)cc1,cyp3a4,49.99999999999999,
CHEMBL2070937,N#CC1(NC(=O)[C@@H]2CCCC[C@H]2C(=O)N2CCN(c3nc4ccccc4s3)CC2)CC1,cyp3a4,31.622780000000002,
CHEMBL2086687,C[C@@H]1CN(C(=O)OCC(F)(F)F)CCN1c1ncc(OCc2ccncc2C#N)cn1,cyp3a4,30.000000000000004,
CHEMBL2086760,CCN1CCC(Nc2ccc3c(c2)C(=C(c2ccc(Cl)cc2)c2ncc[nH]2)C(=O)N3)CC1,cyp3a4,49.99999999999999,
CHEMBL2152252,CNC(=O)c1nc(-c2ccc(Cl)c(S(=O)(=O)Nc3cccc(F)c3F)c2)cnc1N,cyp3a4,19.999999999999996,
CHEMBL2158230,N#Cc1cnc(C(=O)Nc2ccc(C3CCN(CCN4CCOCC4)CC3)cc2C2=CCCCC2)[nH]1,cyp3a4,3.8,5.42
CHEMBL2177588,CN1C[C@@H](C(=O)Nc2ccc(Cl)cc2)[C@H](c2ccc(/C=C/C(=O)Nc3ccccc3N)cc2)C1,cyp3a4,21.0,4.68
CHEMBL2178221,Nc1ccccc1NC(=O)/C=C/c1ccc([C@H]2CN(CCO)C[C@@H]2C(=O)Nc2ccc(Cl)cc2)cc1,cyp3a4,2.0,5.7
CHEMBL220360,C[C@H](NC(=O)C(C)(C)Oc1ccc(C(F)(F)F)cn1)[C@@H](Cc1ccc(Cl)cc1)c1cccc(C#N)c1,cyp3a4,0.02,
CHEMBL2207503,Cc1nn(C)cc1-c1nc2c(N3CCN(Cc4ccc(Cl)cc4)CC3)c(Cl)cnc2[nH]1,cyp3a4,22.360679774997894,
CHEMBL229008,CCN1CCN(c2ccc(C(C)(C)NC(=O)c3cc4[nH]c5ccccc5c(=O)c4cc3F)cn2)CC1,cyp3a4,13.0,4.89
CHEMBL2316385,C[S+]([O-])Cc1ccc(C(=O)Nc2nccnc2C(=O)NCC2CCC2)c2ccccc12,cyp3a4,19.999999999999996,
CHEMBL2331648,CCNc1nc2c(c(C(N)=O)n1)CN(C(=O)CCc1ccc(OC(F)(F)F)cc1)CC2,cyp3a4,30.000000000000004,
CHEMBL2331680,CCNC(=O)Nc1ccc(-c2nc3c(c(N4CCOC[C@@H]4C)n2)CCN(C2COC2)C3)cc1,cyp3a4,10.000000000000002,
CHEMBL2347414,Cn1nc(-c2cnc3[nH]cc(C(=O)N[C@]4(C)C[C@@H](N)C4)c3n2)c2ccc(F)cc21,cyp3a4,49.99999999999999,
CHEMBL2347415,CN(C)CCCn1nc(-c2cnc3[nH]cc(C(=O)NC(C)(C)C)c3n2)c2cc(OC(F)F)ccc21,cyp3a4,49.99999999999999,
CHEMBL2347994,CC(C)(C)NC(=O)c1c[nH]c2ncc(-c3nn(C4CCNCC4)c4cc(F)ccc34)nc12,cyp3a4,49.99999999999999,
CHEMBL2382415,N#Cc1cnccc1COc1cnc(N2CC3CCC(C2)N3C(=O)OCC(F)(F)F)nc1,cyp3a4,30.000000000000004,
CHEMBL2386558,CN(C)C(=O)[C@H]1C[C@@H]1c1ccc(-c2ncn(C)c2Sc2ccc(Cl)cn2)cc1,cyp3a4,49.99999999999999,
CHEMBL2409676,C[C@]1(CS(=O)(=O)N2CCN(c3ncc(OCc4ccc(C(F)(F)F)o4)cn3)CC2)NC(=O)NC1=O,cyp3a4,10.000000000000002,
CHEMBL2415098,COc1cc(-c2nc3n(n2)CCO[C@H]3c2ccccc2C(F)(F)F)ccc1-n1cnc(C)c1,cyp3a4,1.1,5.96
CHEMBL2420425,CN1CCN(CC(=O)Nc2ccc(-c3cccc4c(=O)cc(N5CCOCC5)oc34)c3sc4ccccc4c23)CC1,cyp3a4,10.000000000000002,
CHEMBL2430983,Cn1nc(-c2ccncc2)cc1NC(=O)[C@H](Cc1ccccc1)NCC(=O)O,cyp3a4,30.000000000000004,
CHEMBL2434978,O=C(O)c1ccc(Sc2ccc(CN3CCC(N4C(=O)N(C5CCOCC5)C[C@H]4c4ccccc4)CC3)cn2)cc1,cyp3a4,59.999999999999986,
CHEMBL2435852,Cc1nc(Oc2ccc(C(=O)O)cc2)ccc1CN1CCC(N2C(=O)N(C3CCOCC3)C[C@H]2c2ccccc2)CC1,cyp3a4,40.0,
CHEMBL2436225,CN[C@@H](C)C(=O)N[C@@H]1C(=O)N(Cc2c(OC)ccc3ccccc23)c2ccc(C#N)cc2N(C(C)=O)[C@H]1C,cyp3a4,17.999999999999996,4.75
CHEMBL255863,Cc1cn(-c2cc(NC(=O)c3ccc(C)c(Nc4nccc(-c5cccnc5)n4)c3)cc(C(F)(F)F)c2)cn1,cyp3a4,0.58,6.24
CHEMBL256907,Cc1nnc(C(C)C)n1[C@H]1C[C@H]2CC[C@@H](C1)N2CC[C@H](NC(=O)C1CCC(F)(F)CC1)c1ccccc1,cyp3a4,6.7963225350184775,5.17
CHEMBL257517,COc1ccc(-c2nc(CCOc3cccc(C[C@@H]4C(=O)N(c5ccc(C(C)(C)C)cc5)[C@@H]4C(=O)O)c3)c(C)o2)cc1,cyp3a4,12.0,4.92
CHEMBL296419,COc1ccc(CCN2CCC(Nc3nc4ccccc4n3Cc3ccc(F)cc3)CC2)cc1,cyp3a4,5.914389233048498,5.225
CHEMBL3084761,CN1[C@@H]2CCC[C@H]1C[C@H](NC(=O)c1cccc3oc(N4CCOCC4)nc13)C2,cyp3a4,49.99999999999999,
CHEMBL3084777,COc1ccccc1-c1nc2c(C(=O)N[C@@H]3C[C@H]4CCC[C@@H](C3)N4C)cccc2o1,cyp3a4,1.1,5.96
CHEMBL3086045,Cc1ccccc1[C@H]1C[C@@H](NCc2ccc(Cl)cc2)CC[C@@H]1C(=O)N1CC(c2ccccc2)(c2ccccc2)C1,cyp3a4,24.999999999999996,4.6
CHEMBL3215864,Cc1cccc(N2CCN(CCCNC(=O)c3nc(C)n(-c4ccc5c(c4)OCCO5)c3C)CC2)c1C,cyp3a4,19.999999999999996,
CHEMBL3218857,COc1cc(N2CCC(N3CCN(C)CC3)CC2)ccc1-c1nc2c(N[C@H]3[C@@H](C(N)=O)[C@@H]4C=C[C@H]3C4)c(Cl)cnc2[nH]1,cyp3a4,30.000000000000004,
CHEMBL3233058,Cc1cccc(Nc2cc(N[C@@H]3CCCC[C@@H]3N)nnc2C(N)=O)n1,cyp3a4,49.99999999999999,
CHEMBL3234858,COc1cc(OC)cc(-c2nnc([C@@]3(Cc4ccccc4)OC(=O)N([C@H](C)c4ccccc4)C3=O)o2)c1,cyp3a4,49.99999999999999,
CHEMBL3237444,Clc1nccc2c3cnc(Nc4ccc(N5CCNCC5)cn4)nc3n(C3CCCC3)c12,cyp3a4,10.000000000000002,
CHEMBL3237560,Cc1nc(Nc2cc(N[C@@H]3CCCC[C@@H]3N)nnc2C(N)=O)ccc1F,cyp3a4,49.99999999999999,
CHEMBL3286732,Nc1ccc(-c2cccs2)cc1NC(=O)c1ccc(N2CCC3(CC2)CNC(=O)O3)nc1,cyp3a4,10.000000000000002,
CHEMBL3287854,O=c1cc([C@H]2CCN[C@@H](CCc3ccccc3)C2)o[nH]1,cyp3a4,19999.99999999998,
CHEMBL3289803,Nc1nc2ccc(C(F)(F)F)cc2n1CC(O)c1ccc(C(F)(F)F)cc1Cl,cyp3a4,30.000000000000004,
CHEMBL3291422,COc1ncnc(Cn2cc(C(=O)NCC(F)F)c3ncc(C)cc32)c1C,cyp3a4,49.99999999999999,
CHEMBL3291423,Cc1cnc2c(C(=O)NCCO)cn(Cc3ncnc(N(C)C)c3C)c2c1,cyp3a4,49.99999999999999,
CHEMBL3291427,COc1cnc2c(C(=O)NCCO)cn(Cc3ncnc(OC)c3C)c2c1,cyp3a4,49.99999999999999,
CHEMBL3301607,O=C(Nc1nc2cccc(-c3ccc(CN4CCS(=O)(=O)CC4)cc3)n2n1)C1CC1,cyp3a4,83.66600265340763,
CHEMBL3318998,COc1cnc2ccc(=O)n(CCN3CCN(c4nc5cc(C#N)c(C)cc5[nH]4)CC3)c2c1,cyp3a4,19.999999999999996,4.7
CHEMBL3331502,Clc1cccc(CN(CC2CNC2)c2ccccc2)c1Cl,cyp3a4,32.70000000000001,4.49
CHEMBL3358006,C[C@@H]1CN(c2nc(C(F)(F)F)no2)CCN1c1ncc(OCc2ccc(CS(C)(=O)=O)cc2F)cn1,cyp3a4,10.000000000000002,
CHEMBL3358954,CCS(=O)(=O)c1cc2cc(C[C@](O)(CC(C)(C)c3ccc(F)cc3C(N)=O)C(F)(F)F)[nH]c2cn1,cyp3a4,7.999999999999998,5.1
CHEMBL3393137,COc1ccc(C(=O)C2CCN(C(=O)c3ccc(C(=O)NC4CCN(Cc5ccc(C#N)cc5)CC4)cn3)CC2)cc1,cyp3a4,10.000000000000002,
CHEMBL3407784,CNC(=O)[C@@]12C[C@@H]1[C@@H](n1cnc3c(NC)nc(C#Cc4ccc(Cl)s4)nc31)[C@H](O)[C@@H]2O,cyp3a4,10.000000000000002,
CHEMBL3417505,C[C@H](COc1ccc(C2=NNC(=O)C3CC23)cc1)CN1CCC[C@H]1C,cyp3a4,30.000000000000004,
CHEMBL3422015,CC(C)c1nc(-c2nnc3n2CCN(C(=O)c2ccc(-c4cccs4)cc2)[C@@H]3C)co1,cyp3a4,43.0,4.37
CHEMBL3422018,Cc1nsc(-c2nnc3n2CCN(C(=O)c2ccc(-c4cccs4)cc2)[C@@H]3C)n1,cyp3a4,79.49842765740718,4.1
CHEMBL3422238,Cn1cc([C@H]2C[C@H]3CSC(N)=N[C@@]3(c3ccc(F)cc3F)CO2)cn1,cyp3a4,30.000000000000004,
CHEMBL3422242,Cc1cc([C@H]2C[C@H]3[C@@H](C)SC(N)=N[C@@]3(c3ccc(F)cc3F)CO2)on1,cyp3a4,30.000000000000004,
CHEMBL3422243,C[C@H]1SC(N)=N[C@@]2(c3ccc(F)cc3F)CO[C@@H](c3cnn(C)c3)C[C@@H]12,cyp3a4,30.000000000000004,
CHEMBL3577955,CC(C)N1CCN(C(=O)c2ccc(CN3CCOCC3)cc2)CC1,cyp3a4,40.0,
CHEMBL3578244,Cc1c2cc(-n3ccc(OCc4csc(C(F)(F)F)c4)cc3=O)ccc2nn1C1CC1,cyp3a4,10.000000000000002,
CHEMBL3582240,CC1(C)CC[C@]23CC[C@@]4(C)[C@]5(C)CC[C@H]6C(C)(C)C(=O)C(C#N)=C[C@]6(C)C5=CC(=O)[C@@]4([C@@H]2C1)N(C1CCCCC1)C3=O,cyp3a4,1.537081650401175,5.8149999999999995
CHEMBL3582336,CCn1cc([C@@]2(c3nn(C)c(=O)o3)N[C@@H](c3nc(-c4ccc(F)cn4)c[nH]3)Cc3c2[nH]c2ccccc32)cn1,cyp3a4,10.000000000000002,
CHEMBL3604701,Cc1cc(NCc2c(C)cccc2C)c2cccc(C(N)=O)c2n1,cyp3a4,10.000000000000002,5.0
CHEMBL3608740,Cc1nsc(-c2nnc3n2CCN(C(=O)c2ccccc2)[C@@H]3C)n1,cyp3a4,31.0,4.51
CHEMBL3622898,Cc1nc(C)c(CNc2nc(OCCCc3ccc4ccccc4n3)nc(Cl)c2C)s1,cyp3a4,0.9,6.05
CHEMBL3654682,Cc1cc(-c2n[nH]c3cc(NC(=O)N[C@H](C)c4ccccc4)ncc23)cc(C)n1,cyp3a4,0.78,6.11
CHEMBL3664717,C[C@@H](c1ccc(-c2ccn(C)c(=O)c2)cc1)N1CC[C@](CC(C)(C)O)(c2ccccc2)OC1=O,cyp3a4,49.99999999999999,
CHEMBL3665949,Cc1c(Cl)nc(OC[C@H]2C[C@@H]2c2ccccn2)nc1NCc1cnn(C)c1,cyp3a4,3.8987177379235853,5.41
CHEMBL3734797,Cc1noc([C@H]2C[C@@H]2C(=O)NCc2ccc(-c3cccc(OC(F)(F)F)c3)c3c2CN(C(=O)NC(C)(C)C)CC3)n1,cyp3a4,13.0,4.89
CHEMBL3754515,Nc1ccc(-c2cnc(N)c(-c3ccc(Cl)cc3)c2)cn1,cyp3a4,3.0000000000000004,
CHEMBL3769933,Cc1c2c(nn1-c1nnc(-c3ccc(OC(C)C)c(Cl)c3)s1)CCN(CCC(=O)O)C2,cyp3a4,49.99999999999999,
CHEMBL3774411,Cn1c(SCCCN2CC3CCN(c4ccc(C(F)(F)F)cc4)C3C2)nnc1-c1cc[nH]c(=O)c1,cyp3a4,19.999999999999996,
CHEMBL3774649,Cn1c(SCCCN2CC3CCN(c4ccccc4)C3C2)nnc1C1CCOCC1,cyp3a4,17.0,
CHEMBL3774783,Cn1c(SCCCN2CC3CCN(c4ccccc4C(F)(F)F)C3C2)nnc1-c1cnccn1,cyp3a4,0.98,6.01
CHEMBL3775197,Cn1c(SCCCN2CC3CCN(c4ccccc4C(F)(F)F)C3C2)nnc1-c1cccnc1,cyp3a4,1.661324772583615,6.04
CHEMBL3786896,CCC(=O)O[C@@H](C(=O)N1N=CC[C@H]1C(=O)NCc1cc(Cl)ccc1-n1cnnn1)c1ccc(F)cc1,cyp3a4,7.999999999999998,5.1
CHEMBL3804950,Cc1ccnc2c3c(nn12)CN([C@H]1CO[C@H](c2cc(F)ccc2F)[C@@H](N)C1)C3,cyp3a4,49.99999999999999,
CHEMBL3818331,CCN1CCC(S(=O)(=O)c2c(Cl)ccc(NC(=O)Nc3cccc(F)c3Cl)c2O)CC1,cyp3a4,10.000000000000002,
CHEMBL3822651,COCC(=O)N1CCC(n2nc(C)c(Nc3ncc(Cl)c(-c4cnn5ccccc45)n3)c2C)CC1,cyp3a4,10.000000000000002,
CHEMBL3823030,Cc1nn(C2CCN(C(=O)[C@@H](C)O)CC2)c(C)c1Nc1ncc(Cl)c(-c2cnn3ccccc23)n1,cyp3a4,21.0,4.68
CHEMBL3896657,O=C(O)CCc1cc2cc(-c3cc(OC(F)(F)F)ccc3F)ccc2o1,cyp3a4,49.99999999999999,
CHEMBL3901587,Cc1ncoc1-c1nnc(SCCCN2CC[C@@]3(C[C@@H]3c3ccc(C(F)(F)F)cc3F)C2)n1C,cyp3a4,17.0,
CHEMBL3901713,CNC(=O)c1c(-c2ccc(F)cc2)oc2cc(N(C)S(C)(=O)=O)c(-c3ccc4ccn5c6cccc(F)c6cc5c4n3)cc12,cyp3a4,49.99999999999999,
CHEMBL3905835,Cc1nccn1-c1ccc(-c2cn(CC(=O)Nc3cccc(Cl)c3Cl)nn2)cc1,cyp3a4,15.0,4.82
CHEMBL3908849,NC(=O)n1cc(NC(=O)N2CCC[C@H]2C(=O)Nc2cccc(OC(F)(F)F)c2)c2ccccc21,cyp3a4,30.000000000000004,
CHEMBL3912801,CC(=O)NC1CCC(c2nnc(SCCCN3CC[C@]4(C[C@@H]4c4ccc(C(F)(F)F)cc4)C3)n2C)CC1,cyp3a4,6.0,
CHEMBL3925871,Cn1cc(-c2ccc(F)c(C(F)(F)F)c2)nc1C1CCN(c2ncnc(N)c2-c2ccc(F)cc2)CC1,cyp3a4,19.999999999999996,
CHEMBL3945880,O=c1cc(NC2CCN(S(=O)(=O)C(F)(F)F)CC2)c2cc(C(c3ccc(Cl)cc3)c3ccc(Cl)cc3)ccc2[nH]1,cyp3a4,10.000000000000002,
CHEMBL3959509,O=C(O)C1CN(Cc2ccc3c(c2)CCc2c-3noc2-c2onc(-c3ccccc3)c2C(F)(F)F)C1,cyp3a4,13.999999999999996,4.85
CHEMBL3963243,Cn1c(SCCCN2CC[C@]3(C[C@@H]3c3ccc(C(F)(F)F)cc3)C2)nnc1C1CCN(C(N)=O)CC1,cyp3a4,17.0,
CHEMBL3964512,Cn1c(SCCCN2CC[C@]3(C[C@@H]3c3ccc(C(F)(F)F)cc3)C2)nnc1C1=CCC(=O)N=C1,cyp3a4,4.999999999999999,
CHEMBL3968947,O=C(O)CCCOc1ccc(-c2cc(OC(F)(F)F)ccc2Cl)cc1,cyp3a4,49.99999999999999,
CHEMBL3972653,CNC(=O)c1ccccc1Nc1nc(Nc2ccc3c(c2OC)CCC[C@@H](N2CCN(CCO)CC2)C3)ncc1Cl,cyp3a4,5.6,
CHEMBL3980161,Cc1nc(C)n(CC(=O)N2CCN(c3sc(C(F)(F)F)nc3-c3nc4ccc(-c5noc(C)n5)cc4[nH]3)C[C@H]2C)n1,cyp3a4,38.74274125562103,4.41
CHEMBL3981856,Cn1c(SCCCN2CC[C@]3(C[C@@H]3c3ccc(C(F)(F)F)cc3)C2)nnc1-c1ccc(CC(N)=O)cc1,cyp3a4,6.999999999999999,
CHEMBL3984425,C[C@H](NC(=O)c1c(N)nn2cccnc12)c1cc2cccc(C#Cc3cnn(C)c3)c2c(=O)n1-c1ccccc1,cyp3a4,19.999999999999996,
CHEMBL401895,Cc1cc(C)n(-c2cc(NC(=O)COc3cccc(CN(C)C)c3)nc(-c3ccc(C)o3)n2)n1,cyp3a4,6.0,
CHEMBL4059848,CC(=O)N1CCN(c2cccc(-c3cc(-c4ccnn4CC(F)(F)F)c4c(N)ncnn34)c2)C(=O)C1(C)C,cyp3a4,19.999999999999996,
CHEMBL4060355,O=C(O)CC1CCC2(CCN(c3ccc(-c4nc5cc(C(F)(F)F)ccc5[nH]4)cn3)CC2)OC1,cyp3a4,23.493736070046822,4.795
CHEMBL4060556,O=C(c1ccccc1)N1CCc2oc(-c3ccc(F)cn3)nc2C1,cyp3a4,49.99999999999999,
CHEMBL4060568,COc1cc(-c2cccc(C(F)(F)F)c2)c(F)cc1-c1nccc2cc(S(=O)(=O)Nc3ccon3)ccc12,cyp3a4,15.0,
CHEMBL4069245,Cc1c([C@@H](O)CN2CCC3(CC2)CCN(c2ccc(=O)n(C)n2)C3=O)ccc2c1COC2=O,cyp3a4,49.99999999999999,
CHEMBL4074304,C[C@@H]1c2nnn(-c3cnccn3)c2CCN1C(=O)c1cccc(C(F)(F)F)c1Cl,cyp3a4,2.3,5.64
CHEMBL4075203,O=C(O)CC1CCOC2(CCN(c3ccc(-c4nc5cc(C(F)(F)F)ccc5[nH]4)cn3)CC2)C1,cyp3a4,49.99999999999999,
CHEMBL4080797,COc1ccc(-c2cc3c(N[C@@H]4CC[C@](C)(N)C4(C)C)c(C(N)=O)cnn3c2)cn1,cyp3a4,11.000000000000002,4.96
CHEMBL4085181,CCOC(=O)C1=C(CN2CCO[C@H](CCC(=O)O)C2)NC(c2nccs2)=N[C@H]1c1ccc(F)cc1Br,cyp3a4,10.000000000000002,
CHEMBL4087688,O=C(O)CC1COC2(CCN(c3ccc(-c4nc5cc(C(F)(F)F)ccc5[nH]4)cn3)CC2)C1,cyp3a4,49.99999999999999,
CHEMBL4087906,O=C(CN1CCCC2=C1C(=O)N(C1CC1)C2=O)Nc1ccc(-c2cccnc2)nn1,cyp3a4,2.1,5.68
CHEMBL4088036,CCCCc1cc(OC2CCN(CCCCNS(=O)(=O)CC)CC2)c2ncccc2c1,cyp3a4,4.0,5.4
CHEMBL4094163,Cc1cc(/C=C/C#N)cc(C)c1Oc1nc(NC2CCN(Cc3ccc(S(N)(=O)=O)cc3)CC2)nc2ccsc12,cyp3a4,5.92,5.23
CHEMBL4095741,Cc1ccnc(-n2nnc3c2CCN(C(=O)c2cccc(C(F)(F)F)c2Cl)[C@@H]3C)n1,cyp3a4,10.000000000000002,
CHEMBL4096341,Cc1ncn(-c2ccc(C(=O)N[C@H]3[C@H]4CC[C@H]3N(c3ncc(Cl)c5cnoc35)C4)c(Cl)c2)n1,cyp3a4,10.000000000000002,
CHEMBL4099219,O=c1c2ccccc2oc2c(Cc3ccc4c(c3)OCO4)[nH]c(-c3nccs3)c12,cyp3a4,24.999999999999996,
CHEMBL4104355,NC(=O)c1cc(Cl)c2c(Cl)c(C3CC3)n([C@H]3CCCNC3)c2n1,cyp3a4,25.09980079602227,4.68
CHEMBL4105630,C[C@@]1(O)CC[C@H]2[C@H](CC[C@@H]3[C@@H]2CC[C@]2(C)[C@@H](C(=O)Cn4cc(C#N)cn4)CC[C@@H]32)C1,cyp3a4,30.000000000000004,
CHEMBL4109308,O=C(c1ccc(-n2nnc3cccnc32)cc1)N(c1ncccc1Cl)[C@@H]1CCCNC1,cyp3a4,30.000000000000004,
CHEMBL4176771,COc1ncc(-c2cc(O[C@@H]3CCOC3)c3nc(N)nc(C)c3c2)cc1NS(=O)(=O)c1ccc(F)cc1F,cyp3a4,10.000000000000002,
CHEMBL4202824,CC(C)Oc1ccc(C#N)cc1C(=O)N1Cc2cn(-c3ccccc3)nc2C1,cyp3a4,10.000000000000002,
CHEMBL4203179,CCN1CCC(N2CCc3nc(Nc4ncc(F)c(-c5cc(F)c6nc(C)n(C(C)C)c6c5)n4)ccc3C2)CC1,cyp3a4,49.99999999999999,
CHEMBL4205995,CS(=O)(=O)c1ccc(-c2cccc(F)c2)c(C(=O)N2Cc3cn(-c4ccccc4F)nc3C2)c1,cyp3a4,10.000000000000002,
CHEMBL4209316,CNc1nc(Nc2ccc(-n3cnc(C)n3)c(OC)c2)nc2c1CC[C@H]2c1ccc(F)cc1,cyp3a4,0.2,6.7
CHEMBL4211915,C[C@H]1COCCN1c1nc(-c2cnc(N)cc2F)cc(C2(S(C)(=O)=O)CC2)n1,cyp3a4,10.000000000000002,
CHEMBL4212403,COc1cc(NC(C(=O)c2c[nH]c3ccccc23)c2ccccc2)cc(OC)c1,cyp3a4,10.000000000000002,
CHEMBL4213486,C[C@@]1(c2cc(NC(=O)c3ccc(C#N)cn3)ccc2F)C=C(CF)OC(N)=N1,cyp3a4,19.999999999999996,
CHEMBL4216391,CC(C)(C)Oc1ccc(S(C)(=O)=O)cc1C(=O)N1Cc2cn(-c3ccccc3F)nc2C1,cyp3a4,10.000000000000002,
CHEMBL4218132,COc1cc([C@H](c2cc3cc(Br)ccc3nc2OC)[C@@](O)(CCN(C)C)c2cccc(F)c2)cnc1OC,cyp3a4,10.000000000000002,
CHEMBL4225434,COc1cc2ccc(Br)cc2cc1[C@@H](c1cccc(C)c1)[C@@](O)(CCN(C)C)c1cccc2c1OCO2,cyp3a4,10.000000000000002,
CHEMBL4227839,C[C@@H]1c2n[nH]cc2CN1C1=NC(NCc2c(F)cccc2C(F)(F)F)c2cccc(C(N)=O)c2N1,cyp3a4,0.15849000000000002,6.8
CHEMBL4228130,COc1cc2ccc(Br)cc2cc1[C@@H](c1ccnc(OC)c1OC)[C@@](O)(CCN(C)C)c1cccc2ccoc12,cyp3a4,10.000000000000002,
CHEMBL4238063,Cc1nnc(C(C)C)n1[C@@H]1C[C@H]2CC[C@@H](C1)N2CC[C@H](NC(=O)C1CCCC1)c1cccs1,cyp3a4,24.999999999999996,
CHEMBL4244935,Cc1nnc(C(C)C)n1[C@@H]1C[C@H]2CC[C@@H](C1)N2CC[C@H](NC(=O)C1CCC(F)(F)CC1)c1cccs1,cyp3a4,24.999999999999996,
CHEMBL4248525,CN1CCN(CCCOc2cccc(CC(=O)Nc3nc(-c4c[nH]c5ncccc45)cs3)c2)CC1,cyp3a4,19.29766825292631,4.715
CHEMBL4281240,C[C@@H]1COCCN1c1cc(C2(S(C)(=O)=O)CC2)nc(-c2cncc3[nH]ccc23)n1,cyp3a4,10.000000000000002,
CHEMBL4299173,COc1ccc(CN(C(=O)[C@@H](N)Cc2c(C)cc(C(N)=O)cc2C)[C@H](C)c2nc(-c3ccccc3)c[nH]2)cc1C(=O)O,cyp3a4,19.999999999999996,
CHEMBL442078,C[C@@H]1CN(C(=O)c2ccccc2)CCN1C(=O)C(=O)c1c[nH]c2ncccc12,cyp3a4,40.0,
CHEMBL4450031,COc1ccc2c(=O)c(O)c(-c3ccc4c(c3)OCO4)oc2c1,cyp3a4,6.0,5.22
CHEMBL4451760,COc1c(C#N)ccc2[nH]c(-c3cn4c(n3)[C@H](c3cccc(F)c3C)OCC4)cc12,cyp3a4,10.000000000000002,
CHEMBL4457557,NC(=O)c1ccc(Cc2ccccc2)cc1-c1cccc(CCC(=O)O)c1,cyp3a4,19.999999999999996,
CHEMBL4457647,O=C(Nc1ccnnc1)c1cc(N2CCOCC2)ccc1OCc1ccccc1,cyp3a4,6.309570000000001,5.2
CHEMBL4465714,Nc1nc2ccc(OCc3ccc(Cl)c(Cl)c3)cc2s1,cyp3a4,10.000000000000002,
CHEMBL4468228,N#Cc1ccc(COc2ccc3nc(N)sc3c2)cc1,cyp3a4,10.000000000000002,5.0
CHEMBL4470860,Cc1nc2c(-c3nnc[nH]3)cc(-c3ccnc(N)c3F)cc2n1-c1ccnc2c(F)ccc(F)c12,cyp3a4,24.999999999999996,
CHEMBL4514678,Cc1cc(C#N)cc(C)c1Oc1nc(NC2CCN(Cc3ccc(C(N)=O)cc3)CC2)nc2c1COC2,cyp3a4,49.99999999999999,
CHEMBL4519186,CCNC1=N[C@@H]2[C@@H](OC)[C@H](O)[C@@H](CO)O[C@@H]2S1,cyp3a4,49.99999999999999,
CHEMBL4528355,Nc1nc2ccc(C(=O)NCCc3c[nH]c4ccccc34)cc2s1,cyp3a4,24.999999999999996,
CHEMBL4528447,CNC(=O)c1c(-c2ccc(F)cc2)oc2cc(N(c3ccc(B(O)O)c(Cl)c3)S(C)(=O)=O)c(C3CC3)cc12,cyp3a4,10.39320315262391,5.234999999999999
CHEMBL4533529,NC[C@H](NC(=O)c1ccc(-c2ccc(C(F)(F)F)c(F)c2)[nH]1)c1nc(CO)cs1,cyp3a4,24.999999999999996,
CHEMBL4545398,COC(=O)C1CCN(C(=O)c2ccc3nc(N)sc3c2)CC1,cyp3a4,10.000000000000002,5.0
CHEMBL4548795,COc1cc(-c2cncc(-c3ccc(N4CCN(C(C)C)CC4)cc3)c2C)cc(F)c1C(N)=O,cyp3a4,30.000000000000004,
CHEMBL4552119,Nc1nc2c(O)cc(C(=O)NCc3ccccc3)cc2s1,cyp3a4,10.000000000000002,
CHEMBL4557670,C[C@H]1SC(N)=N[C@](C)(c2cc(NC(=O)c3cnc(OCF)cn3)ccc2F)[C@H]1F,cyp3a4,19.999999999999996,
CHEMBL4563167,COc1cccc(C(O)(CCN(C)C)C(c2cc3cc(Br)ccc3nc2OC)c2cccc3c2OCO3)n1,cyp3a4,7.599999999999998,5.12
CHEMBL4570378,CCNC1=N[C@@H]2[C@@H](O)[C@H](O)[C@@H](COC)O[C@@H]2S1,cyp3a4,49.99999999999999,
CHEMBL4571380,COc1cc(CCNc2nc(C#Cc3ccccc3)nc3c2ncn3[C@H]2[C@H](O)[C@H](O)[C@@H]3C[C@@H]32)ccc1O,cyp3a4,2.23,5.65
CHEMBL4582026,Nc1nc2ccc(C(=O)NCc3ccccc3[N+](=O)[O-])cc2s1,cyp3a4,10.000000000000002,
CHEMBL4593473,CN(C)C(=O)Cn1ccc2ncc(-c3ccc(F)c(Cl)c3)cc21,cyp3a4,10.000000000000002,
CHEMBL46,Cc1nccn1CC1CCc2c(c3ccccc3n2C)C1=O,cyp3a4,11.000000000000002,4.96
CHEMBL4632471,Cc1ccc(C(=O)Nc2ccc(CN3CCN(CCO)CC3)c(C3CC3)c2)cc1C#Cc1cnc2cccnn12,cyp3a4,11.7,4.93
CHEMBL4632769,Cc1cc(C)c(-c2ncc[nH]2)cc1NC(=O)c1ccc(OCc2ccccn2)cc1,cyp3a4,19.999999999999996,
CHEMBL4632970,CNC(=O)[C@H](C)Cn1cnc2ccc(-c3cnc(OC)c(NS(=O)(=O)c4ccc(F)cc4Cl)c3)cc2c1=O,cyp3a4,23.299999999999997,4.63
CHEMBL4635907,C[C@@H](NC(=O)c1nc(-c2nccc3ccccc23)nc(O)c1O)C1CCCCC1,cyp3a4,30.000000000000004,
CHEMBL4636120,COc1cc(-c2cncc(-c3ccc(N4CCNCC4)cc3)c2C)cc(OC)c1F,cyp3a4,16.91153452528776,4.84
CHEMBL4636208,CC(C)[C@@H](NC(=O)c1cc(C(F)(F)F)ccc1F)C(=O)N1CCC2(CC1)C(=O)N(C)C(=O)N2c1ccc2[nH]ncc2c1,cyp3a4,49.99999999999999,
CHEMBL4637524,COc1ccnc(-c2nc(O)c(O)c(C(=O)N[C@H](C)C3CCCCC3)n2)c1,cyp3a4,30.000000000000004,
CHEMBL4642697,COc1cc(C2=CC3=NOC[C@H](c4cc(F)c(F)c(F)c4)N3CCC2)ccc1-n1cnc(C)c1,cyp3a4,30.000000000000004,4.52
CHEMBL4646426,CCOC(=O)Cc1nn(CNC(=O)CCCN2CCN(c3cccc(C)c3C)CC2)c(=O)c2cc(F)ccc12,cyp3a4,10.000000000000002,
CHEMBL4647791,Cc1nc2c(-c3nnc[nH]3)cc(-c3ccnc(C#N)c3)cc2n1-c1ccnc2c(F)ccc(F)c12,cyp3a4,24.000000000000004,4.62
CHEMBL4647810,C[C@@H]1COCCN1c1cc(-c2ccnn2C)c2ccnc(-c3ccn[nH]3)c2n1,cyp3a4,11.832159566199229,5.16
CHEMBL4650316,C[C@@H]1Cc2c([nH]c3ccccc23)[C@@H](c2c(F)cc(NC3CN(CCCF)C3)cc2F)N1CC(F)(F)CO,cyp3a4,13.0,4.885
CHEMBL467114,O=C([O-])c1cccc(Cc2cc(Cl)ccc2OCc2ccc(Cl)cc2F)n1,cyp3a4,100.00000000000004,
CHEMBL471757,CC(C)(C)CNc1nc(C#N)nc(N2CCOCC2)c1N,cyp3a4,10.000000000000002,
CHEMBL4743440,Cc1c(-c2ccc3[nH]ncc3c2)ccc2c3oc(CN)nc3c(=O)n(C3CC3)c12,cyp3a4,1.3,5.89
CHEMBL474484,CC(C)CNc1nc(C#N)nc(N2CCNCC2)c1N,cyp3a4,10.000000000000002,
CHEMBL4750385,CCn1c(-c2cnc(C)nc2)nc2c(-c3cnc4c(c3)[C@](C)(NCC(C)(C)F)C(=O)N4)ncnc21,cyp3a4,49.99999999999999,
CHEMBL4750688,CN(C)c1ccc(CC(=O)N[C@@H]2CNC[C@H]2c2ccc(C(F)(F)F)cc2)cc1,cyp3a4,0.871,6.06
CHEMBL4753698,O=C1N2C[C@@H](CC[C@H]2F)N1OS(=O)(=O)[O-],cyp3a4,49.99999999999999,
CHEMBL4754334,Nc1cc(F)c(S(=O)(=O)N2CCC(O)CC2)cc1C(=O)Nc1ccc(F)c(C(F)F)c1,cyp3a4,20.800000000000004,4.68
CHEMBL4755618,Cc1ncccc1-c1cnc(NCc2c(F)ccc3c2CCO3)n2cnnc12,cyp3a4,18.973665961010276,
CHEMBL4759692,Cc1cc(-c2ccc3c(c2)-c2nnc(Oc4ccccc4Cl)n2CCO3)ccn1,cyp3a4,49.99999999999999,
CHEMBL4760389,COc1nc(-c2csc(Nc3c4c(nn3CC(C)(C)O)CCCC4)n2)ccc1-n1cnc(C)c1,cyp3a4,1.1,5.96
CHEMBL4777349,O=C1NCCC12CCN(c1c(Cl)cncc1-c1cc3ccccc3o1)CC2,cyp3a4,4.59,5.34
CHEMBL4787638,O=C(Nc1cccc(Cl)c1)N1CCOc2ccc(-c3ccncc3)cc2C1,cyp3a4,324.99999999999994,
CHEMBL4788651,COc1ccc2ncc(F)c(CC[C@@]3(O)CO[C@@H]4[C@@H](NCc5cc6c(cn5)OCCO6)CO[C@@H]43)c2n1,cyp3a4,10.000000000000002,
CHEMBL4790083,N#Cc1ccc(N2C3CCC2CN(C(=O)CCS(=O)(=O)c2cccc4ncsc24)C3)nc1,cyp3a4,10.000000000000002,
CHEMBL4791626,CN(C)CCn1cc2cc(NC(=O)c3cccc(C(F)(F)F)n3)c(C(C)(C)O)cc2n1,cyp3a4,30.000000000000004,
CHEMBL4802135,CC(C)(C)[C@H](NC(=O)C(F)(F)F)C(=O)N1C[C@H]2[C@@H]([C@H]1C(=O)N[C@H](C#N)C[C@@H]1CCNC1=O)C2(C)C,cyp3a4,46.39999999999999,4.33
CHEMBL480501,Cn1c(N(Cc2ccc(C(=O)Nc3nnn[nH]3)cc2)[C@H]2CC[C@H](C(C)(C)C)CC2)nc2cc(C(F)(F)F)ccc21,cyp3a4,10.000000000000002,
CHEMBL4858136,CN1CCN(Nc2cccc3c2C[C@@H](CN(C)[C@H]2CCCc4cccnc42)NC3)CC1,cyp3a4,19.999999999999996,
CHEMBL4864408,O=C(O)c1cc(-c2ccc(-c3cc(CO)on3)cc2)c2ccc(-c3ccc(C(F)(F)F)cc3)cc2c1,cyp3a4,30.000000000000004,
CHEMBL4864604,CC(=O)N1Cc2cc(S(C)(=O)=O)ccc2[C@@H]1C(=O)Nc1ccc(C(O)(C(F)(F)F)C(F)(F)F)cc1,cyp3a4,30.000000000000004,
CHEMBL4865767,CNC(=O)c1cc(C(=O)N[C@H]2CC[C@H](O)CC2)c([C@@H](C)c2ccccc2)o1,cyp3a4,39.81072,
CHEMBL4870920,CC(C)N1Cc2cc(C(F)(F)F)ncc2C2=CN=C(NCc3c(F)ccc4c3CCO4)N3C=NC(C1=O)C23,cyp3a4,30.000000000000004,
CHEMBL4877549,COc1c(OCc2ccc(F)cc2)cc2oc3cc4c(c(OC/C=C/C(=O)O)c3c(=O)c2c1CC=C(C)C)C=CC(C)(C)O4,cyp3a4,24.999999999999996,
CHEMBL5070887,Cc1cnc(Nc2ccnn2C)nc1-c1cc2n(c1)C(=O)N([C@H](CO)c1cccc(Cl)c1)C2,cyp3a4,6.771536153211002,5.105
CHEMBL5073381,COc1cnc(C(=O)Nc2ccc(F)c([C@]3(C)Cn4c(C#N)cnc4C(N)=N3)c2)cn1,cyp3a4,3.1,5.51
CHEMBL5077861,C=CC(=O)N1CC2(CC(n3nc(-c4ccc5c(cnn5C)c4)c(-c4c(Cl)c(C)cc5[nH]ncc45)c3C)C2)C1,cyp3a4,6.2299999999999995,5.21
CHEMBL5078281,CCN(C)c1nc(=O)n(-c2ccccc2)c2cc(Cl)ccc12,cyp3a4,30.000000000000004,
CHEMBL5079910,Cc1nccc(-c2cc3[nH]nc(N[C@H]4CCNC[C@@H]4F)c3cc2C2CC2)c1F,cyp3a4,4.5,5.35
CHEMBL5082711,CCNC(=N)NC(=O)Nc1c(CC)cccc1CC,cyp3a4,30.000000000000004,
CHEMBL5090655,C[C@@H]1Cc2c([nH]c3ccccc23)[C@@H](c2c(F)cc(-c3ccc(C(=O)O)cc3)cc2F)N1CC(C)(C)F,cyp3a4,30.000000000000004,
CHEMBL5090849,CCOc1ccc(-c2nnc([C@H]3C[C@H](NC(=O)c4cccc5nccnc45)C3)n2-c2ccccc2F)nc1,cyp3a4,24.999999999999996,
CHEMBL5093378,Cc1nc(C)c([C@H](OC(C)(C)C)C(=O)O)c(N2CCC(C)(C)CC2)c1-c1ccc(OCCc2ccc(F)cc2)cc1,cyp3a4,24.3,
CHEMBL5095218,C[C@@H](N)c1cc(Cl)ccc1Cn1c(=S)[nH]c(=O)c2[nH]ccc21,cyp3a4,6.0,5.22
CHEMBL5176104,N=C1N[C@H]2[C@H](CN3C(=O)CCC3=O)NC(=N)N3C[C@H](NC(=O)c4cccc5c4CCCC5)C(O)(O)[C@]23N1,cyp3a4,10.000000000000002,
CHEMBL5184753,FC(F)(F)c1nccc(N[C@H]2CC[C@@H](Nc3ccc4nnc(Cl)n4n3)CC2)n1,cyp3a4,17.999999999999996,4.75
CHEMBL5190388,Clc1ccc(Nc2nc3ccccc3c3[nH]c(C4CCC=CCC4)nc23)cc1Cl,cyp3a4,30.000000000000004,
CHEMBL5190509,CCNC(=O)c1ccc2c(c1)[C@H](Nc1ccc(C#N)cn1)C[C@H](C)N2C(C)=O,cyp3a4,39.81072,
CHEMBL5195355,Cc1cccc2[nH]c(-c3cncc(-c4cc(F)cc(C#N)c4)c3N3CC[C@H](N)C3)nc12,cyp3a4,10.000000000000002,
CHEMBL5200580,COc1cc(-c2ccc(C#N)cc2)ccc1Oc1cc(N)nc(Nc2ccc(C#N)cc2)n1,cyp3a4,49.99999999999999,
CHEMBL5201911,O=C(NCCNc1cc(-c2cn(-c3ccccc3)nc2-c2cccc(O)c2)ccn1)Nc1cccc(C(F)(F)F)c1,cyp3a4,20.52,4.69
CHEMBL5203882,Brc1ccc(-c2nc3ccc(Br)cn3n2)cc1,cyp3a4,10.000000000000002,
CHEMBL5205780,CNCC(=O)N[C@@H]1[C@H](O)[C@H](O[C@H]2/C=C/C=C/C=C/C=C/C=C/C=C/C=C/[C@H](C)[C@@H](O)[C@@H](C)[C@H](C)OC(=O)C[C@H](O)C[C@H](O)CC[C@@H](O)[C@H](O)C[C@H](O)C[C@]3(O)C[C@H](O)[C@@H](C(=O)NCCN)[C@H](C2)O3)O[C@H](C)[C@H]1O.NC(CCC(=O)O)C(=O)O,cyp3a4,36.900000000000006,4.43
CHEMBL5206780,Cc1ccc(NC(=O)c2ccnc(C(F)(F)F)c2)cc1-c1ccc2c(c1)OC1(CCOCC1)CC2=O,cyp3a4,30.000000000000004,
CHEMBL5273175,Cc1nc2cc(NC(=O)c3cc4sc(N5CCC(C(=O)N(C)C)CC5)nc4s3)ccc2o1,cyp3a4,49.99999999999999,
CHEMBL5285364,COCCCN1CCC(c2noc(-c3nn(C(C)C)c4ccccc34)n2)CC1,cyp3a4,44.99999999999999,
CHEMBL5290005,CC[C@@H](Nc1c(C#N)c(-c2ccc(-c3cccc(Cl)c3F)cc2)nc2cnccc12)C(N)=O,cyp3a4,9.137833441248533,5.04
CHEMBL5399984,FC(F)Oc1cc(-n2cc(CNc3ncccn3)nn2)ccc1Cl,cyp3a4,10.000000000000002,
CHEMBL5400499,Cc1cc(N2CCc3c(c(C)nn3CC34CCC(NCC(F)F)(CC3)CC4)C2)c2cnn(C)c2n1,cyp3a4,8.599999999999998,5.07
CHEMBL5401020,CCc1ncc(-c2cc(C)no2)c(C2CCN(CC(=O)N3CCOCC3)CC2)n1,cyp3a4,900.0000000000001,
CHEMBL5403684,CCC[C@@H](CCO)Nc1nc(N)nc2cnn(Cc3ncc(C4CCN(C5CCN(C)CC5)CC4)cc3OC)c12,cyp3a4,19.999999999999996,
CHEMBL5405310,CN[C@@H](C)C(=O)NC12CCC(Cn3nc(C)c4c3CCN(c3cc(C)nc5c3cnn5C)C4)(CC1)CC2,cyp3a4,49.99999999999999,
CHEMBL5407698,CCC[C@@H](CCO)Nc1nc(N)nc2cnn(Cc3ncc(C4CCC5(CC4)CN(C(C)C)C5)cc3OC)c12,cyp3a4,19.999999999999996,
CHEMBL5417170,Cc1cc(N2CCc3c(c(C)nn3CC34CCC(NC(=O)[C@@H]5COCCN5)(CC3)CC4)C2)c2cnn(C)c2n1,cyp3a4,49.99999999999999,
CHEMBL5417342,CCC[C@@H](CCO)Nc1nc(N)nc2cnn(Cc3ncc(C4CCC5(CC4)CNC5)cc3OC)c12,cyp3a4,13.999999999999996,
CHEMBL5419406,Cc1cc(N2CCc3c(c(C)nn3CC34CCC(N5C[C@@H](C)O[C@@H](C)C5)(CC3)CC4)C2)c2cnn(C)c2n1,cyp3a4,49.99999999999999,
CHEMBL5419694,CCC[C@@H](CCO)Nc1nc(N)nc2cnn(Cc3ncc(C4CCNCC4)cc3OC)c12,cyp3a4,19.999999999999996,
CHEMBL5427289,CCC[C@@H](CCO)Nc1nc(N)nc2cnn(Cc3ncc(C4CCN(C)CC4)cc3OC)c12,cyp3a4,19.999999999999996,
CHEMBL5430815,Cc1cc(N2CCc3c(c(C)nn3CC34CCC(NC5CCC5)(CC3)CC4)C2)c2cnn(C)c2n1,cyp3a4,27.999999999999996,4.55
CHEMBL5431871,Cc1cc(N2CCc3c(c(C)nn3CC34CCC(N)(CC3)CC4)C2)c2cnn(C)c2n1,cyp3a4,49.99999999999999,
CHEMBL5432728,Cc1cc(N2CCc3c(c(C)nn3CC34CCC(NC(=O)CN(C)C)(CC3)CC4)C2)c2cnn(C)c2n1,cyp3a4,49.99999999999999,
CHEMBL5437552,[2H]C([2H])([2H])NC(=O)c1nnc(Nc2ccc(C(C)(C)O)cn2)cc1Nc1nccc(-c2ncc(F)cn2)c1OC,cyp3a4,19.999999999999996,
CHEMBL5438736,C[C@@H]1Cc2c(ccc3[nH]ncc23)[C@@H](c2c(F)cc(N3CCC4(CCN(C(=O)CN5Cc6cc7c(cc6C5)C(=O)N(C5CCC(=O)NC5=O)C7=O)CC4)CC3)cc2F)N1CC(F)F,cyp3a4,10.000000000000002,
CHEMBL549930,CC(Cn1ccnc1)NC(=O)NC1CCN(Cc2ccn(-c3ccc(C(F)(F)F)cc3)c2)CC1,cyp3a4,0.32,6.5
CHEMBL550652,Cn1cnnc1C1CCN(C(=O)NC2CC2c2ccccc2)CC1,cyp3a4,10.000000000000002,
CHEMBL550818,CN(CC1CCOCC1)C1CCN(c2nc3ccccc3n2Cc2ccc(F)cc2)CC1,cyp3a4,4.999999999999999,
CHEMBL552196,Cc1c(O)noc1C1CCN(C(=O)NC2CC2c2ccccc2)CC1,cyp3a4,10.000000000000002,
CHEMBL556487,O=C(NC1CC1c1ccccc1)N1CCC(c2nc(-c3ccncc3)no2)CC1,cyp3a4,10.000000000000002,
CHEMBL559531,O=C(O)c1ccc(-c2noc(C3CCN(C(=O)NC4CC4c4ccccc4)CC3)n2)cc1,cyp3a4,10.000000000000002,
CHEMBL564144,C[C@@H](c1ccccn1)c1c(CCN(C)C)sc2ccccc12,cyp3a4,10.000000000000002,
CHEMBL564975,O=C(NC1CC1c1ccccc1)N1CCC(n2ccnn2)CC1,cyp3a4,10.000000000000002,
CHEMBL584,Cc1c(O)cccc1C(=O)N[C@@H](CSc1ccccc1)[C@H](O)CN1C[C@H]2CCCC[C@H]2C[C@H]1C(=O)NC(C)(C)C,cyp3a4,1.0488088481701516,5.98
CHEMBL596700,Cn1cnc(C(=O)N(Cc2cccc(OC(F)(F)F)c2)[C@H]2C[C@H]3CNC[C@H]3C2)c1,cyp3a4,10.000000000000002,
CHEMBL608151,CCOC[C@H]1[C@@H]2CNC[C@@]21c1ccc(Cl)c(Cl)c1,cyp3a4,9.000000000000002,
CHEMBL638,C[C@@H](c1ncncc1F)[C@](O)(Cn1cncn1)c1ccc(F)cc1F,cyp3a4,8.608797978315204,4.89
CHEMBL6966,COc1ccc(CCN(C)CCCC(C#N)(c2ccc(OC)c(OC)c2)C(C)C)cc1OC,cyp3a4,5.351092866956919,5.271111111111111
CHEMBL71,CN(C)CCCN1c2ccccc2Sc2ccc(Cl)cc21,cyp3a4,23.299999999999997,4.63
CHEMBL95463,Nc1nc2ccc(SC(F)(F)F)cc2s1,cyp3a4,24.999999999999996,
